ITEM_ID,USER_ID,EVENT_TYPE,TIMESTAMP,DISCOUNT
e1669081-8ffc-4dec-97a6-e9176d7f6651,1,ProductViewed,1591803788,No
cfafd627-7d6b-43a5-be05-4c7937be417d,1,ProductViewed,1591803788,No
6e6ad102-7510-4a02-b8ce-5a0cd6f431d1,3,ProductViewed,1591803812,Yes
49b89871-5fe7-4898-b99d-953e15fb42b2,3,ProductViewed,1591803812,Yes
5cb18925-3a3c-4867-8f1c-46efd7eba067,2,ProductViewed,1591803830,Yes
91cc9fa1-d8e9-46ae-9c8d-86264de2c6cc,2,ProductViewed,1591803830,Yes
ee0cec46-8edf-4436-84f0-d83e7f9c453f,4,ProductViewed,1591803851,No
0d6971a2-cffb-4602-9d4a-8edef2ac9d22,4,ProductViewed,1591803851,No
7f9e25ec-34a9-4b27-9f97-041c58e6640e,2,ProductViewed,1591803872,Yes
eb8f10ab-1317-4a11-b058-b2098bb64326,2,ProductViewed,1591803872,Yes
b11944ce-c888-4ddb-8f64-f89a6d628288,3,ProductViewed,1591803896,No
a6432520-a9fe-42a3-8e04-58cd50d18fb0,3,ProductViewed,1591803896,No
8a4af646-ffb5-4413-a201-750537e2a318,1,ProductViewed,1591803923,No
95677239-43cc-44e4-a97f-4a9c072210ae,1,ProductAdded,1591803924,No
ab6462b7-2061-42ba-a19f-a1efc877d800,1,ProductViewed,1591803924,No
e1d2ec50-2970-43be-aeb7-fc90779086b7,4,ProductViewed,1591803937,Yes
1de0c711-042b-4b47-93d9-3a7d8d969ac6,4,ProductViewed,1591803937,Yes
e65ad5b5-6860-4444-b873-9368c49cf30c,2,ProductViewed,1591803966,No
25a3547f-4a86-46f5-857a-fc17aa2b8fa0,2,ProductViewed,1591803966,No
2a33865f-f45b-475f-9e35-29c8de4dc42d,1,ProductViewed,1591803985,Yes
dd9e97a6-4281-40a5-9048-fde7809623fb,1,ProductViewed,1591803985,Yes
87603f27-7e5a-441e-95f6-ee33878695da,1,CartViewed,1591803989,Yes
4e3dc511-426f-4fdd-9e15-58a7c74c9ff4,3,ProductViewed,1591804010,No
8cab347e-fa92-46c5-8a0e-371229e1c539,3,ProductViewed,1591804010,No
e1669081-8ffc-4dec-97a6-e9176d7f6651,2,ProductViewed,1591804032,Yes
cfafd627-7d6b-43a5-be05-4c7937be417d,2,ProductViewed,1591804032,Yes
6e6ad102-7510-4a02-b8ce-5a0cd6f431d1,1,ProductViewed,1591804054,Yes
49b89871-5fe7-4898-b99d-953e15fb42b2,1,ProductAdded,1591804054,Yes
5cb18925-3a3c-4867-8f1c-46efd7eba067,1,ProductViewed,1591804054,Yes
91cc9fa1-d8e9-46ae-9c8d-86264de2c6cc,3,ProductViewed,1591804074,No
ee0cec46-8edf-4436-84f0-d83e7f9c453f,3,ProductViewed,1591804074,No
0d6971a2-cffb-4602-9d4a-8edef2ac9d22,2,ProductViewed,1591804100,No
7f9e25ec-34a9-4b27-9f97-041c58e6640e,2,ProductViewed,1591804100,No
eb8f10ab-1317-4a11-b058-b2098bb64326,1,ProductViewed,1591804119,Yes
b11944ce-c888-4ddb-8f64-f89a6d628288,1,ProductViewed,1591804119,Yes
a6432520-a9fe-42a3-8e04-58cd50d18fb0,4,ProductViewed,1591804139,No
8a4af646-ffb5-4413-a201-750537e2a318,4,ProductViewed,1591804139,No
95677239-43cc-44e4-a97f-4a9c072210ae,2,ProductViewed,1591804159,No
ab6462b7-2061-42ba-a19f-a1efc877d800,3,ProductViewed,1591804169,Yes
e1d2ec50-2970-43be-aeb7-fc90779086b7,3,ProductViewed,1591804169,Yes
1de0c711-042b-4b47-93d9-3a7d8d969ac6,3,ProductViewed,1591804169,Yes
e65ad5b5-6860-4444-b873-9368c49cf30c,3,ProductAdded,1591804173,Yes
25a3547f-4a86-46f5-857a-fc17aa2b8fa0,2,ProductViewed,1591804205,Yes
2a33865f-f45b-475f-9e35-29c8de4dc42d,2,ProductViewed,1591804205,Yes
dd9e97a6-4281-40a5-9048-fde7809623fb,2,CartViewed,1591804209,Yes
87603f27-7e5a-441e-95f6-ee33878695da,2,ProductViewed,1591804209,Yes
4e3dc511-426f-4fdd-9e15-58a7c74c9ff4,1,ProductViewed,1591804241,Yes
8cab347e-fa92-46c5-8a0e-371229e1c539,1,ProductViewed,1591804241,Yes
e1669081-8ffc-4dec-97a6-e9176d7f6651,1,ProductViewed,1591804241,Yes
cfafd627-7d6b-43a5-be05-4c7937be417d,3,ProductViewed,1591804274,No
6e6ad102-7510-4a02-b8ce-5a0cd6f431d1,3,ProductViewed,1591804274,No
49b89871-5fe7-4898-b99d-953e15fb42b2,3,ProductViewed,1591804274,No
5cb18925-3a3c-4867-8f1c-46efd7eba067,1,ProductViewed,1591804307,No
91cc9fa1-d8e9-46ae-9c8d-86264de2c6cc,1,ProductViewed,1591804307,No
ee0cec46-8edf-4436-84f0-d83e7f9c453f,1,ProductViewed,1591804307,No
0d6971a2-cffb-4602-9d4a-8edef2ac9d22,1,ProductAdded,1591804308,No
7f9e25ec-34a9-4b27-9f97-041c58e6640e,1,CheckoutStarted,1591804312,No
eb8f10ab-1317-4a11-b058-b2098bb64326,4,ProductViewed,1591804339,No
b11944ce-c888-4ddb-8f64-f89a6d628288,4,ProductViewed,1591804339,No
a6432520-a9fe-42a3-8e04-58cd50d18fb0,4,ProductViewed,1591804339,No
8a4af646-ffb5-4413-a201-750537e2a318,2,ProductViewed,1591804371,No
95677239-43cc-44e4-a97f-4a9c072210ae,2,ProductViewed,1591804371,No
ab6462b7-2061-42ba-a19f-a1efc877d800,2,ProductViewed,1591804371,No
e1d2ec50-2970-43be-aeb7-fc90779086b7,1,ProductViewed,1591804402,No
1de0c711-042b-4b47-93d9-3a7d8d969ac6,1,ProductViewed,1591804402,No
e65ad5b5-6860-4444-b873-9368c49cf30c,1,ProductViewed,1591804402,No
25a3547f-4a86-46f5-857a-fc17aa2b8fa0,3,ProductViewed,1591804433,Yes
2a33865f-f45b-475f-9e35-29c8de4dc42d,3,CartViewed,1591804433,Yes
dd9e97a6-4281-40a5-9048-fde7809623fb,3,ProductViewed,1591804433,Yes
87603f27-7e5a-441e-95f6-ee33878695da,3,ProductViewed,1591804433,Yes
4e3dc511-426f-4fdd-9e15-58a7c74c9ff4,2,ProductViewed,1591804468,No
8cab347e-fa92-46c5-8a0e-371229e1c539,2,ProductAdded,1591804471,No
e1669081-8ffc-4dec-97a6-e9176d7f6651,2,ProductViewed,1591804471,No
cfafd627-7d6b-43a5-be05-4c7937be417d,2,ProductViewed,1591804471,No
6e6ad102-7510-4a02-b8ce-5a0cd6f431d1,4,ProductViewed,1591804499,Yes
49b89871-5fe7-4898-b99d-953e15fb42b2,4,ProductViewed,1591804499,Yes
5cb18925-3a3c-4867-8f1c-46efd7eba067,4,ProductViewed,1591804499,Yes
91cc9fa1-d8e9-46ae-9c8d-86264de2c6cc,2,ProductViewed,1591804531,No
ee0cec46-8edf-4436-84f0-d83e7f9c453f,2,ProductViewed,1591804531,No
0d6971a2-cffb-4602-9d4a-8edef2ac9d22,2,ProductViewed,1591804531,No
7f9e25ec-34a9-4b27-9f97-041c58e6640e,5,ProductViewed,1591804571,No
eb8f10ab-1317-4a11-b058-b2098bb64326,5,ProductViewed,1591804571,No
b11944ce-c888-4ddb-8f64-f89a6d628288,5,ProductViewed,1591804571,No
a6432520-a9fe-42a3-8e04-58cd50d18fb0,2,ProductViewed,1591804607,No
8a4af646-ffb5-4413-a201-750537e2a318,2,ProductAdded,1591804611,No
95677239-43cc-44e4-a97f-4a9c072210ae,2,ProductViewed,1591804611,No
ab6462b7-2061-42ba-a19f-a1efc877d800,2,ProductViewed,1591804611,No
e1d2ec50-2970-43be-aeb7-fc90779086b7,5,ProductViewed,1591804632,No
1de0c711-042b-4b47-93d9-3a7d8d969ac6,5,ProductViewed,1591804632,No
e65ad5b5-6860-4444-b873-9368c49cf30c,5,ProductViewed,1591804632,No
25a3547f-4a86-46f5-857a-fc17aa2b8fa0,5,CartViewed,1591804633,No
2a33865f-f45b-475f-9e35-29c8de4dc42d,3,ProductViewed,1591804668,No
dd9e97a6-4281-40a5-9048-fde7809623fb,3,ProductViewed,1591804668,No
87603f27-7e5a-441e-95f6-ee33878695da,3,ProductViewed,1591804668,No
4e3dc511-426f-4fdd-9e15-58a7c74c9ff4,5,ProductViewed,1591804702,Yes
8cab347e-fa92-46c5-8a0e-371229e1c539,5,ProductViewed,1591804702,Yes
e1669081-8ffc-4dec-97a6-e9176d7f6651,5,ProductViewed,1591804702,Yes
cfafd627-7d6b-43a5-be05-4c7937be417d,1,ProductViewed,1591804739,No
6e6ad102-7510-4a02-b8ce-5a0cd6f431d1,1,ProductViewed,1591804739,No
49b89871-5fe7-4898-b99d-953e15fb42b2,1,ProductAdded,1591804741,No
5cb18925-3a3c-4867-8f1c-46efd7eba067,1,ProductViewed,1591804741,No
91cc9fa1-d8e9-46ae-9c8d-86264de2c6cc,2,ProductViewed,1591804762,No
ee0cec46-8edf-4436-84f0-d83e7f9c453f,2,ProductViewed,1591804762,No
0d6971a2-cffb-4602-9d4a-8edef2ac9d22,2,ProductViewed,1591804762,No
7f9e25ec-34a9-4b27-9f97-041c58e6640e,3,ProductViewed,1591804799,No
eb8f10ab-1317-4a11-b058-b2098bb64326,3,ProductViewed,1591804799,No
b11944ce-c888-4ddb-8f64-f89a6d628288,3,ProductViewed,1591804799,No
a6432520-a9fe-42a3-8e04-58cd50d18fb0,1,ProductViewed,1591804838,No
8a4af646-ffb5-4413-a201-750537e2a318,1,ProductViewed,1591804838,No
95677239-43cc-44e4-a97f-4a9c072210ae,1,ProductViewed,1591804838,No
ab6462b7-2061-42ba-a19f-a1efc877d800,4,ProductViewed,1591804863,Yes
e1d2ec50-2970-43be-aeb7-fc90779086b7,4,ProductViewed,1591804863,Yes
1de0c711-042b-4b47-93d9-3a7d8d969ac6,4,ProductAdded,1591804865,Yes
e65ad5b5-6860-4444-b873-9368c49cf30c,4,CartViewed,1591804866,Yes
25a3547f-4a86-46f5-857a-fc17aa2b8fa0,4,CheckoutStarted,1591804868,Yes
2a33865f-f45b-475f-9e35-29c8de4dc42d,4,OrderCompleted,1591804871,Yes
dd9e97a6-4281-40a5-9048-fde7809623fb,4,ProductViewed,1591804871,Yes
87603f27-7e5a-441e-95f6-ee33878695da,2,ProductViewed,1591804895,Yes
4e3dc511-426f-4fdd-9e15-58a7c74c9ff4,2,ProductViewed,1591804895,Yes
8cab347e-fa92-46c5-8a0e-371229e1c539,2,ProductViewed,1591804895,Yes
e1669081-8ffc-4dec-97a6-e9176d7f6651,3,ProductViewed,1591804935,Yes
cfafd627-7d6b-43a5-be05-4c7937be417d,3,ProductViewed,1591804935,Yes
6e6ad102-7510-4a02-b8ce-5a0cd6f431d1,3,ProductViewed,1591804935,Yes
49b89871-5fe7-4898-b99d-953e15fb42b2,4,ProductViewed,1591804967,No
5cb18925-3a3c-4867-8f1c-46efd7eba067,4,ProductViewed,1591804967,No
91cc9fa1-d8e9-46ae-9c8d-86264de2c6cc,4,ProductViewed,1591804967,No
ee0cec46-8edf-4436-84f0-d83e7f9c453f,1,ProductViewed,1591804992,No
0d6971a2-cffb-4602-9d4a-8edef2ac9d22,1,ProductViewed,1591804992,No
7f9e25ec-34a9-4b27-9f97-041c58e6640e,1,ProductViewed,1591804992,No
eb8f10ab-1317-4a11-b058-b2098bb64326,1,ProductAdded,1591804992,No
b11944ce-c888-4ddb-8f64-f89a6d628288,3,ProductViewed,1591805034,Yes
a6432520-a9fe-42a3-8e04-58cd50d18fb0,3,ProductViewed,1591805034,Yes
8a4af646-ffb5-4413-a201-750537e2a318,3,ProductViewed,1591805034,Yes
95677239-43cc-44e4-a97f-4a9c072210ae,5,ProductViewed,1591805063,No
ab6462b7-2061-42ba-a19f-a1efc877d800,5,ProductViewed,1591805063,No
e1d2ec50-2970-43be-aeb7-fc90779086b7,5,ProductViewed,1591805063,No
1de0c711-042b-4b47-93d9-3a7d8d969ac6,10,ProductViewed,1591805091,Yes
e65ad5b5-6860-4444-b873-9368c49cf30c,11,CartViewed,1591805092,Yes
25a3547f-4a86-46f5-857a-fc17aa2b8fa0,12,ProductViewed,1591805092,Yes
2a33865f-f45b-475f-9e35-29c8de4dc42d,13,ProductViewed,1591805092,Yes
dd9e97a6-4281-40a5-9048-fde7809623fb,14,ProductViewed,1591805131,No
87603f27-7e5a-441e-95f6-ee33878695da,15,ProductViewed,1591805131,No
4e3dc511-426f-4fdd-9e15-58a7c74c9ff4,16,ProductViewed,1591805131,No
8cab347e-fa92-46c5-8a0e-371229e1c539,17,ProductAdded,1591805132,No
e1669081-8ffc-4dec-97a6-e9176d7f6651,18,ProductViewed,1591805167,No
cfafd627-7d6b-43a5-be05-4c7937be417d,19,ProductViewed,1591805167,No
6e6ad102-7510-4a02-b8ce-5a0cd6f431d1,20,ProductViewed,1591805167,No
49b89871-5fe7-4898-b99d-953e15fb42b2,21,ProductViewed,1591805199,No
5cb18925-3a3c-4867-8f1c-46efd7eba067,22,ProductViewed,1591805199,No
91cc9fa1-d8e9-46ae-9c8d-86264de2c6cc,23,ProductViewed,1591805199,No
ee0cec46-8edf-4436-84f0-d83e7f9c453f,24,ProductViewed,1591805224,No
0d6971a2-cffb-4602-9d4a-8edef2ac9d22,25,ProductViewed,1591805224,No
7f9e25ec-34a9-4b27-9f97-041c58e6640e,26,ProductViewed,1591805224,No
eb8f10ab-1317-4a11-b058-b2098bb64326,27,ProductViewed,1591805260,Yes
b11944ce-c888-4ddb-8f64-f89a6d628288,28,ProductViewed,1591805260,Yes
a6432520-a9fe-42a3-8e04-58cd50d18fb0,29,ProductViewed,1591805260,Yes
8a4af646-ffb5-4413-a201-750537e2a318,30,ProductViewed,1591805289,Yes
95677239-43cc-44e4-a97f-4a9c072210ae,2,ProductAdded,1591805293,Yes
ab6462b7-2061-42ba-a19f-a1efc877d800,2,ProductViewed,1591805293,Yes
e1d2ec50-2970-43be-aeb7-fc90779086b7,2,ProductViewed,1591805293,Yes
1de0c711-042b-4b47-93d9-3a7d8d969ac6,2,CartViewed,1591805296,Yes
e65ad5b5-6860-4444-b873-9368c49cf30c,4,ProductViewed,1591805333,No
25a3547f-4a86-46f5-857a-fc17aa2b8fa0,4,ProductViewed,1591805333,No
2a33865f-f45b-475f-9e35-29c8de4dc42d,4,ProductViewed,1591805333,No
dd9e97a6-4281-40a5-9048-fde7809623fb,5,ProductViewed,1591805360,Yes
87603f27-7e5a-441e-95f6-ee33878695da,5,ProductViewed,1591805360,Yes
4e3dc511-426f-4fdd-9e15-58a7c74c9ff4,5,ProductViewed,1591805360,Yes
8cab347e-fa92-46c5-8a0e-371229e1c539,2,ProductViewed,1591805397,Yes
e1669081-8ffc-4dec-97a6-e9176d7f6651,2,ProductViewed,1591805397,Yes
cfafd627-7d6b-43a5-be05-4c7937be417d,2,ProductViewed,1591805397,Yes
6e6ad102-7510-4a02-b8ce-5a0cd6f431d1,1,ProductViewed,1591805424,No
49b89871-5fe7-4898-b99d-953e15fb42b2,1,ProductAdded,1591805424,No
5cb18925-3a3c-4867-8f1c-46efd7eba067,1,CheckoutStarted,1591805429,No
91cc9fa1-d8e9-46ae-9c8d-86264de2c6cc,1,ProductViewed,1591805429,No
ee0cec46-8edf-4436-84f0-d83e7f9c453f,1,ProductViewed,1591805429,No
0d6971a2-cffb-4602-9d4a-8edef2ac9d22,6,ProductViewed,1591805459,No
7f9e25ec-34a9-4b27-9f97-041c58e6640e,6,ProductViewed,1591805459,No
eb8f10ab-1317-4a11-b058-b2098bb64326,6,ProductViewed,1591805459,No
b11944ce-c888-4ddb-8f64-f89a6d628288,7,ProductViewed,1591805496,Yes
a6432520-a9fe-42a3-8e04-58cd50d18fb0,7,ProductViewed,1591805496,Yes
8a4af646-ffb5-4413-a201-750537e2a318,7,ProductViewed,1591805496,Yes
95677239-43cc-44e4-a97f-4a9c072210ae,8,ProductViewed,1591805520,No
ab6462b7-2061-42ba-a19f-a1efc877d800,8,ProductViewed,1591805520,No
e1d2ec50-2970-43be-aeb7-fc90779086b7,8,CartViewed,1591805523,No
1de0c711-042b-4b47-93d9-3a7d8d969ac6,8,ProductViewed,1591805523,No
e65ad5b5-6860-4444-b873-9368c49cf30c,7,ProductViewed,1591805562,No
25a3547f-4a86-46f5-857a-fc17aa2b8fa0,7,ProductViewed,1591805562,No
2a33865f-f45b-475f-9e35-29c8de4dc42d,7,ProductAdded,1591805566,No
dd9e97a6-4281-40a5-9048-fde7809623fb,7,ProductViewed,1591805566,No
87603f27-7e5a-441e-95f6-ee33878695da,9,ProductViewed,1591805592,No
4e3dc511-426f-4fdd-9e15-58a7c74c9ff4,9,ProductViewed,1591805592,No
8cab347e-fa92-46c5-8a0e-371229e1c539,9,ProductViewed,1591805592,No
e1669081-8ffc-4dec-97a6-e9176d7f6651,8,ProductViewed,1591805627,No
cfafd627-7d6b-43a5-be05-4c7937be417d,8,ProductViewed,1591805627,No
6e6ad102-7510-4a02-b8ce-5a0cd6f431d1,8,ProductViewed,1591805627,No
49b89871-5fe7-4898-b99d-953e15fb42b2,9,ProductViewed,1591805663,Yes
5cb18925-3a3c-4867-8f1c-46efd7eba067,9,ProductViewed,1591805663,Yes
91cc9fa1-d8e9-46ae-9c8d-86264de2c6cc,9,ProductViewed,1591805663,Yes
ee0cec46-8edf-4436-84f0-d83e7f9c453f,10,ProductViewed,1591805685,No
0d6971a2-cffb-4602-9d4a-8edef2ac9d22,11,ProductViewed,1591805685,No
7f9e25ec-34a9-4b27-9f97-041c58e6640e,12,ProductAdded,1591805689,No
eb8f10ab-1317-4a11-b058-b2098bb64326,13,ProductViewed,1591805689,No
b11944ce-c888-4ddb-8f64-f89a6d628288,14,ProductViewed,1591805725,Yes
a6432520-a9fe-42a3-8e04-58cd50d18fb0,15,ProductViewed,1591805725,Yes
8a4af646-ffb5-4413-a201-750537e2a318,16,ProductViewed,1591805725,Yes
95677239-43cc-44e4-a97f-4a9c072210ae,17,ProductViewed,1591805761,No
ab6462b7-2061-42ba-a19f-a1efc877d800,18,CartViewed,1591805763,No
e1d2ec50-2970-43be-aeb7-fc90779086b7,19,ProductViewed,1591805763,No
1de0c711-042b-4b47-93d9-3a7d8d969ac6,20,ProductViewed,1591805763,No
e65ad5b5-6860-4444-b873-9368c49cf30c,21,ProductViewed,1591805794,No
25a3547f-4a86-46f5-857a-fc17aa2b8fa0,22,ProductViewed,1591805794,No
2a33865f-f45b-475f-9e35-29c8de4dc42d,23,ProductViewed,1591805794,No
dd9e97a6-4281-40a5-9048-fde7809623fb,24,ProductViewed,1591805821,Yes
87603f27-7e5a-441e-95f6-ee33878695da,25,ProductViewed,1591805821,Yes
4e3dc511-426f-4fdd-9e15-58a7c74c9ff4,26,ProductViewed,1591805821,Yes
8cab347e-fa92-46c5-8a0e-371229e1c539,7,ProductAdded,1591805824,Yes
e1669081-8ffc-4dec-97a6-e9176d7f6651,6,ProductViewed,1591805851,No
cfafd627-7d6b-43a5-be05-4c7937be417d,6,ProductViewed,1591805851,No
6e6ad102-7510-4a02-b8ce-5a0cd6f431d1,6,ProductViewed,1591805851,No
49b89871-5fe7-4898-b99d-953e15fb42b2,9,ProductViewed,1591805894,No
5cb18925-3a3c-4867-8f1c-46efd7eba067,9,ProductViewed,1591805894,No
91cc9fa1-d8e9-46ae-9c8d-86264de2c6cc,9,ProductViewed,1591805894,No
ee0cec46-8edf-4436-84f0-d83e7f9c453f,8,ProductViewed,1591805919,Yes
0d6971a2-cffb-4602-9d4a-8edef2ac9d22,8,ProductViewed,1591805919,Yes
7f9e25ec-34a9-4b27-9f97-041c58e6640e,8,ProductViewed,1591805919,Yes
eb8f10ab-1317-4a11-b058-b2098bb64326,7,ProductViewed,1591805960,No
b11944ce-c888-4ddb-8f64-f89a6d628288,7,ProductViewed,1591805960,No
a6432520-a9fe-42a3-8e04-58cd50d18fb0,7,ProductViewed,1591805960,No
8a4af646-ffb5-4413-a201-750537e2a318,7,ProductAdded,1591805965,No
95677239-43cc-44e4-a97f-4a9c072210ae,7,CartViewed,1591805969,No
ab6462b7-2061-42ba-a19f-a1efc877d800,7,CheckoutStarted,1591805972,No
e1d2ec50-2970-43be-aeb7-fc90779086b7,7,OrderCompleted,1591805972,No
1de0c711-042b-4b47-93d9-3a7d8d969ac6,9,ProductViewed,1591805991,No
e65ad5b5-6860-4444-b873-9368c49cf30c,9,ProductViewed,1591805991,No
25a3547f-4a86-46f5-857a-fc17aa2b8fa0,9,ProductViewed,1591805991,No
2a33865f-f45b-475f-9e35-29c8de4dc42d,10,ProductViewed,1591806026,No
dd9e97a6-4281-40a5-9048-fde7809623fb,10,ProductViewed,1591806026,No
87603f27-7e5a-441e-95f6-ee33878695da,10,ProductViewed,1591806026,No
4e3dc511-426f-4fdd-9e15-58a7c74c9ff4,11,ProductViewed,1591806049,Yes
8cab347e-fa92-46c5-8a0e-371229e1c539,12,ProductViewed,1591806049,Yes
e1669081-8ffc-4dec-97a6-e9176d7f6651,13,ProductViewed,1591806049,Yes
cfafd627-7d6b-43a5-be05-4c7937be417d,14,ProductViewed,1591806088,No
6e6ad102-7510-4a02-b8ce-5a0cd6f431d1,15,ProductViewed,1591806088,No
49b89871-5fe7-4898-b99d-953e15fb42b2,16,ProductViewed,1591806088,No
5cb18925-3a3c-4867-8f1c-46efd7eba067,17,ProductViewed,1591806122,No
91cc9fa1-d8e9-46ae-9c8d-86264de2c6cc,18,ProductAdded,1591806126,No
ee0cec46-8edf-4436-84f0-d83e7f9c453f,19,ProductViewed,1591806126,No
0d6971a2-cffb-4602-9d4a-8edef2ac9d22,20,ProductViewed,1591806126,No
7f9e25ec-34a9-4b27-9f97-041c58e6640e,21,ProductViewed,1591806154,No
eb8f10ab-1317-4a11-b058-b2098bb64326,22,ProductViewed,1591806154,No
b11944ce-c888-4ddb-8f64-f89a6d628288,23,ProductViewed,1591806154,No
a6432520-a9fe-42a3-8e04-58cd50d18fb0,24,ProductViewed,1591806187,Yes
8a4af646-ffb5-4413-a201-750537e2a318,25,ProductViewed,1591806187,Yes
95677239-43cc-44e4-a97f-4a9c072210ae,26,CartViewed,1591806187,Yes
ab6462b7-2061-42ba-a19f-a1efc877d800,27,ProductViewed,1591806187,Yes
e1d2ec50-2970-43be-aeb7-fc90779086b7,28,ProductViewed,1591806223,Yes
1de0c711-042b-4b47-93d9-3a7d8d969ac6,29,ProductViewed,1591806223,Yes
e65ad5b5-6860-4444-b873-9368c49cf30c,30,ProductViewed,1591806223,Yes
25a3547f-4a86-46f5-857a-fc17aa2b8fa0,10,ProductViewed,1591806248,No
2a33865f-f45b-475f-9e35-29c8de4dc42d,10,ProductAdded,1591806248,No
dd9e97a6-4281-40a5-9048-fde7809623fb,10,ProductViewed,1591806248,No
87603f27-7e5a-441e-95f6-ee33878695da,10,ProductViewed,1591806248,No
4e3dc511-426f-4fdd-9e15-58a7c74c9ff4,11,ProductViewed,1591806285,No
8cab347e-fa92-46c5-8a0e-371229e1c539,12,ProductViewed,1591806285,No
e1669081-8ffc-4dec-97a6-e9176d7f6651,13,ProductViewed,1591806285,No
cfafd627-7d6b-43a5-be05-4c7937be417d,14,ProductViewed,1591806312,Yes
6e6ad102-7510-4a02-b8ce-5a0cd6f431d1,15,ProductViewed,1591806312,Yes
49b89871-5fe7-4898-b99d-953e15fb42b2,16,ProductViewed,1591806312,Yes
5cb18925-3a3c-4867-8f1c-46efd7eba067,17,ProductViewed,1591806355,No
91cc9fa1-d8e9-46ae-9c8d-86264de2c6cc,18,ProductViewed,1591806355,No
ee0cec46-8edf-4436-84f0-d83e7f9c453f,19,ProductViewed,1591806355,No
0d6971a2-cffb-4602-9d4a-8edef2ac9d22,20,ProductViewed,1591806381,No
7f9e25ec-34a9-4b27-9f97-041c58e6640e,21,ProductViewed,1591806381,No
eb8f10ab-1317-4a11-b058-b2098bb64326,22,ProductAdded,1591806381,No
b11944ce-c888-4ddb-8f64-f89a6d628288,23,ProductViewed,1591806381,No
a6432520-a9fe-42a3-8e04-58cd50d18fb0,24,ProductViewed,1591806415,No
8a4af646-ffb5-4413-a201-750537e2a318,25,CartViewed,1591806417,No
95677239-43cc-44e4-a97f-4a9c072210ae,26,ProductViewed,1591806417,No
ab6462b7-2061-42ba-a19f-a1efc877d800,27,ProductViewed,1591806417,No
e1d2ec50-2970-43be-aeb7-fc90779086b7,28,ProductViewed,1591806445,No
1de0c711-042b-4b47-93d9-3a7d8d969ac6,29,ProductViewed,1591806445,No
e65ad5b5-6860-4444-b873-9368c49cf30c,30,ProductViewed,1591806445,No
25a3547f-4a86-46f5-857a-fc17aa2b8fa0,6,ProductViewed,1591806483,No
2a33865f-f45b-475f-9e35-29c8de4dc42d,6,ProductViewed,1591806483,No
dd9e97a6-4281-40a5-9048-fde7809623fb,6,ProductViewed,1591806483,No
87603f27-7e5a-441e-95f6-ee33878695da,9,ProductViewed,1591806514,Yes
4e3dc511-426f-4fdd-9e15-58a7c74c9ff4,9,ProductViewed,1591806514,Yes
8cab347e-fa92-46c5-8a0e-371229e1c539,9,ProductAdded,1591806517,Yes
e1669081-8ffc-4dec-97a6-e9176d7f6651,9,CheckoutStarted,1591806517,Yes
cfafd627-7d6b-43a5-be05-4c7937be417d,9,ProductViewed,1591806517,Yes
6e6ad102-7510-4a02-b8ce-5a0cd6f431d1,10,ProductViewed,1591806551,Yes
49b89871-5fe7-4898-b99d-953e15fb42b2,10,ProductViewed,1591806551,Yes
5cb18925-3a3c-4867-8f1c-46efd7eba067,10,ProductViewed,1591806551,Yes
91cc9fa1-d8e9-46ae-9c8d-86264de2c6cc,11,ProductViewed,1591806577,No
ee0cec46-8edf-4436-84f0-d83e7f9c453f,12,ProductViewed,1591806577,No
0d6971a2-cffb-4602-9d4a-8edef2ac9d22,13,ProductViewed,1591806577,No
7f9e25ec-34a9-4b27-9f97-041c58e6640e,14,ProductViewed,1591806609,No
eb8f10ab-1317-4a11-b058-b2098bb64326,15,ProductViewed,1591806609,No
b11944ce-c888-4ddb-8f64-f89a6d628288,16,ProductViewed,1591806609,No
a6432520-a9fe-42a3-8e04-58cd50d18fb0,17,CartViewed,1591806609,No
8a4af646-ffb5-4413-a201-750537e2a318,18,ProductViewed,1591806646,Yes
95677239-43cc-44e4-a97f-4a9c072210ae,19,ProductViewed,1591806646,Yes
ab6462b7-2061-42ba-a19f-a1efc877d800,20,ProductViewed,1591806646,Yes
e1d2ec50-2970-43be-aeb7-fc90779086b7,21,ProductAdded,1591806650,Yes
1de0c711-042b-4b47-93d9-3a7d8d969ac6,22,ProductViewed,1591806684,No
e65ad5b5-6860-4444-b873-9368c49cf30c,23,ProductViewed,1591806684,No
25a3547f-4a86-46f5-857a-fc17aa2b8fa0,24,ProductViewed,1591806684,No
2a33865f-f45b-475f-9e35-29c8de4dc42d,25,ProductViewed,1591806719,No
dd9e97a6-4281-40a5-9048-fde7809623fb,26,ProductViewed,1591806719,No
87603f27-7e5a-441e-95f6-ee33878695da,27,ProductViewed,1591806719,No
4e3dc511-426f-4fdd-9e15-58a7c74c9ff4,28,ProductViewed,1591806752,No
8cab347e-fa92-46c5-8a0e-371229e1c539,29,ProductViewed,1591806752,No
e1669081-8ffc-4dec-97a6-e9176d7f6651,30,ProductViewed,1591806752,No
cfafd627-7d6b-43a5-be05-4c7937be417d,9,ProductViewed,1591806784,No
6e6ad102-7510-4a02-b8ce-5a0cd6f431d1,9,ProductViewed,1591806784,No
49b89871-5fe7-4898-b99d-953e15fb42b2,9,ProductViewed,1591806784,No
5cb18925-3a3c-4867-8f1c-46efd7eba067,9,ProductAdded,1591806787,No
91cc9fa1-d8e9-46ae-9c8d-86264de2c6cc,6,ProductViewed,1591806809,No
ee0cec46-8edf-4436-84f0-d83e7f9c453f,6,ProductViewed,1591806809,No
0d6971a2-cffb-4602-9d4a-8edef2ac9d22,6,ProductViewed,1591806809,No
7f9e25ec-34a9-4b27-9f97-041c58e6640e,7,ProductViewed,1591806844,Yes
eb8f10ab-1317-4a11-b058-b2098bb64326,7,ProductViewed,1591806844,Yes
b11944ce-c888-4ddb-8f64-f89a6d628288,7,CartViewed,1591806844,Yes
a6432520-a9fe-42a3-8e04-58cd50d18fb0,7,ProductViewed,1591806844,Yes
8a4af646-ffb5-4413-a201-750537e2a318,8,ProductViewed,1591806878,Yes
95677239-43cc-44e4-a97f-4a9c072210ae,8,ProductViewed,1591806878,Yes
ab6462b7-2061-42ba-a19f-a1efc877d800,8,ProductViewed,1591806878,Yes
e1d2ec50-2970-43be-aeb7-fc90779086b7,6,ProductViewed,1591806917,No
1de0c711-042b-4b47-93d9-3a7d8d969ac6,6,ProductViewed,1591806917,No
e65ad5b5-6860-4444-b873-9368c49cf30c,6,ProductViewed,1591806917,No
25a3547f-4a86-46f5-857a-fc17aa2b8fa0,9,ProductViewed,1591806948,No
2a33865f-f45b-475f-9e35-29c8de4dc42d,9,ProductAdded,1591806948,No
dd9e97a6-4281-40a5-9048-fde7809623fb,9,ProductViewed,1591806948,No
87603f27-7e5a-441e-95f6-ee33878695da,9,ProductViewed,1591806948,No
4e3dc511-426f-4fdd-9e15-58a7c74c9ff4,8,ProductViewed,1591806974,No
8cab347e-fa92-46c5-8a0e-371229e1c539,8,ProductViewed,1591806989,Yes
e1669081-8ffc-4dec-97a6-e9176d7f6651,8,ProductViewed,1591806989,Yes
cfafd627-7d6b-43a5-be05-4c7937be417d,8,ProductViewed,1591806989,Yes
6e6ad102-7510-4a02-b8ce-5a0cd6f431d1,6,ProductViewed,1591807017,Yes
49b89871-5fe7-4898-b99d-953e15fb42b2,6,ProductViewed,1591807017,Yes
5cb18925-3a3c-4867-8f1c-46efd7eba067,6,ProductViewed,1591807017,Yes
91cc9fa1-d8e9-46ae-9c8d-86264de2c6cc,9,ProductViewed,1591807049,No
ee0cec46-8edf-4436-84f0-d83e7f9c453f,9,ProductViewed,1591807049,No
0d6971a2-cffb-4602-9d4a-8edef2ac9d22,9,ProductViewed,1591807049,No
7f9e25ec-34a9-4b27-9f97-041c58e6640e,9,ProductAdded,1591807051,No
eb8f10ab-1317-4a11-b058-b2098bb64326,9,CartViewed,1591807052,No
b11944ce-c888-4ddb-8f64-f89a6d628288,9,CheckoutStarted,1591807056,No
a6432520-a9fe-42a3-8e04-58cd50d18fb0,9,OrderCompleted,1591807061,No
8a4af646-ffb5-4413-a201-750537e2a318,10,ProductViewed,1591807087,No
95677239-43cc-44e4-a97f-4a9c072210ae,10,ProductViewed,1591807087,No
ab6462b7-2061-42ba-a19f-a1efc877d800,10,ProductViewed,1591807087,No
e1d2ec50-2970-43be-aeb7-fc90779086b7,11,ProductViewed,1591807116,Yes
1de0c711-042b-4b47-93d9-3a7d8d969ac6,12,ProductViewed,1591807116,Yes
e65ad5b5-6860-4444-b873-9368c49cf30c,13,ProductViewed,1591807116,Yes
25a3547f-4a86-46f5-857a-fc17aa2b8fa0,14,ProductViewed,1591807155,No
2a33865f-f45b-475f-9e35-29c8de4dc42d,15,ProductViewed,1591807155,No
dd9e97a6-4281-40a5-9048-fde7809623fb,16,ProductViewed,1591807155,No
87603f27-7e5a-441e-95f6-ee33878695da,17,ProductViewed,1591807186,No
4e3dc511-426f-4fdd-9e15-58a7c74c9ff4,18,ProductViewed,1591807186,No
8cab347e-fa92-46c5-8a0e-371229e1c539,19,ProductViewed,1591807186,No
e1669081-8ffc-4dec-97a6-e9176d7f6651,20,ProductViewed,1591807225,Yes
cfafd627-7d6b-43a5-be05-4c7937be417d,21,ProductAdded,1591807228,Yes
6e6ad102-7510-4a02-b8ce-5a0cd6f431d1,22,ProductViewed,1591807228,Yes
49b89871-5fe7-4898-b99d-953e15fb42b2,23,ProductViewed,1591807228,Yes
5cb18925-3a3c-4867-8f1c-46efd7eba067,24,ProductViewed,1591807252,Yes
91cc9fa1-d8e9-46ae-9c8d-86264de2c6cc,25,ProductViewed,1591807252,Yes
ee0cec46-8edf-4436-84f0-d83e7f9c453f,26,ProductViewed,1591807252,Yes
0d6971a2-cffb-4602-9d4a-8edef2ac9d22,27,ProductViewed,1591807282,No
7f9e25ec-34a9-4b27-9f97-041c58e6640e,28,ProductViewed,1591807282,No
eb8f10ab-1317-4a11-b058-b2098bb64326,29,CartViewed,1591807287,No
b11944ce-c888-4ddb-8f64-f89a6d628288,30,ProductViewed,1591807287,No
a6432520-a9fe-42a3-8e04-58cd50d18fb0,7,ProductViewed,1591807323,Yes
8a4af646-ffb5-4413-a201-750537e2a318,7,ProductViewed,1591807323,Yes
95677239-43cc-44e4-a97f-4a9c072210ae,7,ProductViewed,1591807323,Yes
ab6462b7-2061-42ba-a19f-a1efc877d800,9,ProductViewed,1591807347,Yes
e1d2ec50-2970-43be-aeb7-fc90779086b7,9,ProductAdded,1591807348,Yes
1de0c711-042b-4b47-93d9-3a7d8d969ac6,9,ProductViewed,1591807348,Yes
e65ad5b5-6860-4444-b873-9368c49cf30c,9,ProductViewed,1591807348,Yes
25a3547f-4a86-46f5-857a-fc17aa2b8fa0,10,ProductViewed,1591807379,Yes
2a33865f-f45b-475f-9e35-29c8de4dc42d,10,ProductViewed,1591807379,Yes
dd9e97a6-4281-40a5-9048-fde7809623fb,10,ProductViewed,1591807379,Yes
87603f27-7e5a-441e-95f6-ee33878695da,11,ProductViewed,1591807420,No
4e3dc511-426f-4fdd-9e15-58a7c74c9ff4,12,ProductViewed,1591807420,No
8cab347e-fa92-46c5-8a0e-371229e1c539,13,ProductViewed,1591807420,No
e1669081-8ffc-4dec-97a6-e9176d7f6651,14,ProductViewed,1591807452,No
cfafd627-7d6b-43a5-be05-4c7937be417d,15,ProductViewed,1591807452,No
6e6ad102-7510-4a02-b8ce-5a0cd6f431d1,16,ProductViewed,1591807452,No
49b89871-5fe7-4898-b99d-953e15fb42b2,17,ProductViewed,1591807481,No
5cb18925-3a3c-4867-8f1c-46efd7eba067,18,ProductViewed,1591807481,No
91cc9fa1-d8e9-46ae-9c8d-86264de2c6cc,19,ProductAdded,1591807484,No
ee0cec46-8edf-4436-84f0-d83e7f9c453f,20,ProductViewed,1591807484,No
0d6971a2-cffb-4602-9d4a-8edef2ac9d22,21,ProductViewed,1591807515,No
7f9e25ec-34a9-4b27-9f97-041c58e6640e,22,CartViewed,1591807519,No
eb8f10ab-1317-4a11-b058-b2098bb64326,23,ProductViewed,1591807519,No
b11944ce-c888-4ddb-8f64-f89a6d628288,24,ProductViewed,1591807519,No
a6432520-a9fe-42a3-8e04-58cd50d18fb0,25,ProductViewed,1591807549,No
8a4af646-ffb5-4413-a201-750537e2a318,26,ProductViewed,1591807549,No
95677239-43cc-44e4-a97f-4a9c072210ae,27,ProductViewed,1591807549,No
ab6462b7-2061-42ba-a19f-a1efc877d800,28,ProductViewed,1591807588,Yes
e1d2ec50-2970-43be-aeb7-fc90779086b7,29,ProductViewed,1591807588,Yes
1de0c711-042b-4b47-93d9-3a7d8d969ac6,30,ProductViewed,1591807588,Yes
e65ad5b5-6860-4444-b873-9368c49cf30c,10,ProductViewed,1591807617,No
25a3547f-4a86-46f5-857a-fc17aa2b8fa0,10,ProductViewed,1591807617,No
2a33865f-f45b-475f-9e35-29c8de4dc42d,10,ProductAdded,1591807622,No
dd9e97a6-4281-40a5-9048-fde7809623fb,10,CheckoutStarted,1591807623,No
87603f27-7e5a-441e-95f6-ee33878695da,10,ProductViewed,1591807623,No
4e3dc511-426f-4fdd-9e15-58a7c74c9ff4,4,ProductViewed,1591807647,No
8cab347e-fa92-46c5-8a0e-371229e1c539,4,ProductViewed,1591807647,No
e1669081-8ffc-4dec-97a6-e9176d7f6651,4,ProductViewed,1591807647,No
cfafd627-7d6b-43a5-be05-4c7937be417d,8,ProductViewed,1591807679,No
6e6ad102-7510-4a02-b8ce-5a0cd6f431d1,8,ProductViewed,1591807679,No
49b89871-5fe7-4898-b99d-953e15fb42b2,8,ProductViewed,1591807679,No
5cb18925-3a3c-4867-8f1c-46efd7eba067,9,ProductViewed,1591807712,Yes
91cc9fa1-d8e9-46ae-9c8d-86264de2c6cc,9,ProductViewed,1591807712,Yes
ee0cec46-8edf-4436-84f0-d83e7f9c453f,9,ProductViewed,1591807712,Yes
0d6971a2-cffb-4602-9d4a-8edef2ac9d22,9,CartViewed,1591807715,Yes
7f9e25ec-34a9-4b27-9f97-041c58e6640e,10,ProductViewed,1591807744,Yes
eb8f10ab-1317-4a11-b058-b2098bb64326,10,ProductViewed,1591807744,Yes
b11944ce-c888-4ddb-8f64-f89a6d628288,10,ProductViewed,1591807744,Yes
a6432520-a9fe-42a3-8e04-58cd50d18fb0,10,ProductAdded,1591807744,Yes
8a4af646-ffb5-4413-a201-750537e2a318,11,ProductViewed,15918037,No
95677239-43cc-44e4-a97f-4a9c072210ae,12,ProductViewed,1591807796,Yes
ab6462b7-2061-42ba-a19f-a1efc877d800,13,ProductViewed,1591807796,Yes
e1d2ec50-2970-43be-aeb7-fc90779086b7,14,ProductViewed,1591807796,Yes
1de0c711-042b-4b47-93d9-3a7d8d969ac6,15,ProductViewed,1591807826,No
e65ad5b5-6860-4444-b873-9368c49cf30c,16,ProductViewed,1591807826,No
25a3547f-4a86-46f5-857a-fc17aa2b8fa0,17,ProductViewed,1591807826,No
2a33865f-f45b-475f-9e35-29c8de4dc42d,18,ProductViewed,1591807857,No
dd9e97a6-4281-40a5-9048-fde7809623fb,19,ProductViewed,1591807857,No
87603f27-7e5a-441e-95f6-ee33878695da,20,ProductViewed,1591807857,No
4e3dc511-426f-4fdd-9e15-58a7c74c9ff4,21,ProductViewed,1591807921,No
8cab347e-fa92-46c5-8a0e-371229e1c539,22,ProductViewed,1591807921,No
e1669081-8ffc-4dec-97a6-e9176d7f6651,23,ProductViewed,1591807921,No
cfafd627-7d6b-43a5-be05-4c7937be417d,24,ProductViewed,1591807962,Yes
6e6ad102-7510-4a02-b8ce-5a0cd6f431d1,25,CartViewed,1591807964,Yes
49b89871-5fe7-4898-b99d-953e15fb42b2,26,ProductViewed,1591807964,Yes
5cb18925-3a3c-4867-8f1c-46efd7eba067,27,ProductViewed,1591807964,Yes
91cc9fa1-d8e9-46ae-9c8d-86264de2c6cc,28,ProductViewed,1591807986,Yes
ee0cec46-8edf-4436-84f0-d83e7f9c453f,29,ProductViewed,1591807986,Yes
0d6971a2-cffb-4602-9d4a-8edef2ac9d22,30,ProductViewed,1591807986,Yes
7f9e25ec-34a9-4b27-9f97-041c58e6640e,6,ProductViewed,1591808019,No
eb8f10ab-1317-4a11-b058-b2098bb64326,6,ProductViewed,1591808019,No
b11944ce-c888-4ddb-8f64-f89a6d628288,6,ProductViewed,1591808019,No
a6432520-a9fe-42a3-8e04-58cd50d18fb0,6,ProductAdded,1591808022,No
8a4af646-ffb5-4413-a201-750537e2a318,9,ProductViewed,1591808061,No
95677239-43cc-44e4-a97f-4a9c072210ae,9,ProductViewed,1591808061,No
ab6462b7-2061-42ba-a19f-a1efc877d800,9,ProductViewed,1591808061,No
e1d2ec50-2970-43be-aeb7-fc90779086b7,10,ProductViewed,1591808084,Yes
1de0c711-042b-4b47-93d9-3a7d8d969ac6,10,ProductViewed,1591808084,Yes
e65ad5b5-6860-4444-b873-9368c49cf30c,10,ProductViewed,1591808084,Yes
25a3547f-4a86-46f5-857a-fc17aa2b8fa0,8,ProductViewed,1591808116,No
2a33865f-f45b-475f-9e35-29c8de4dc42d,8,ProductViewed,1591808116,No
dd9e97a6-4281-40a5-9048-fde7809623fb,8,ProductViewed,1591808116,No
87603f27-7e5a-441e-95f6-ee33878695da,7,ProductViewed,1591808149,Yes
4e3dc511-426f-4fdd-9e15-58a7c74c9ff4,7,ProductViewed,1591808149,Yes
8cab347e-fa92-46c5-8a0e-371229e1c539,7,ProductViewed,1591808149,Yes
e1669081-8ffc-4dec-97a6-e9176d7f6651,7,ProductAdded,1591808151,Yes
cfafd627-7d6b-43a5-be05-4c7937be417d,7,CartViewed,1591808151,Yes
6e6ad102-7510-4a02-b8ce-5a0cd6f431d1,7,CheckoutStarted,1591808154,Yes
49b89871-5fe7-4898-b99d-953e15fb42b2,7,OrderCompleted,1591808156,Yes
5cb18925-3a3c-4867-8f1c-46efd7eba067,3,ProductViewed,1591808192,No
91cc9fa1-d8e9-46ae-9c8d-86264de2c6cc,3,ProductViewed,1591808192,No
ee0cec46-8edf-4436-84f0-d83e7f9c453f,3,ProductViewed,1591808192,No
0d6971a2-cffb-4602-9d4a-8edef2ac9d22,8,ProductViewed,1591808223,No
7f9e25ec-34a9-4b27-9f97-041c58e6640e,9,ProductViewed,1591808234,No
eb8f10ab-1317-4a11-b058-b2098bb64326,9,ProductViewed,1591808234,No
b11944ce-c888-4ddb-8f64-f89a6d628288,9,ProductViewed,1591808234,No
a6432520-a9fe-42a3-8e04-58cd50d18fb0,4,ProductViewed,1591808269,No
8a4af646-ffb5-4413-a201-750537e2a318,4,ProductViewed,1591808269,No
95677239-43cc-44e4-a97f-4a9c072210ae,4,ProductViewed,1591808269,No
ab6462b7-2061-42ba-a19f-a1efc877d800,3,ProductViewed,1591808424,No
e1d2ec50-2970-43be-aeb7-fc90779086b7,4,ProductAdded,1591808429,No
1de0c711-042b-4b47-93d9-3a7d8d969ac6,5,ProductViewed,1591808461,No
e65ad5b5-6860-4444-b873-9368c49cf30c,6,ProductViewed,1591808461,No
25a3547f-4a86-46f5-857a-fc17aa2b8fa0,7,ProductViewed,1591808461,No
2a33865f-f45b-475f-9e35-29c8de4dc42d,8,ProductViewed,1591808495,No
dd9e97a6-4281-40a5-9048-fde7809623fb,9,ProductViewed,1591808495,No
87603f27-7e5a-441e-95f6-ee33878695da,10,ProductViewed,1591808495,No
4e3dc511-426f-4fdd-9e15-58a7c74c9ff4,11,ProductViewed,1591808527,No
8cab347e-fa92-46c5-8a0e-371229e1c539,12,ProductViewed,1591808527,No
e1669081-8ffc-4dec-97a6-e9176d7f6651,13,ProductViewed,1591808527,No
cfafd627-7d6b-43a5-be05-4c7937be417d,14,ProductViewed,1591808562,No
6e6ad102-7510-4a02-b8ce-5a0cd6f431d1,15,ProductViewed,1591808562,No
49b89871-5fe7-4898-b99d-953e15fb42b2,16,ProductViewed,1591808562,No
5cb18925-3a3c-4867-8f1c-46efd7eba067,17,ProductViewed,1591808599,Yes
91cc9fa1-d8e9-46ae-9c8d-86264de2c6cc,18,ProductAdded,1591808600,Yes
ee0cec46-8edf-4436-84f0-d83e7f9c453f,19,ProductViewed,1591808600,Yes
0d6971a2-cffb-4602-9d4a-8edef2ac9d22,20,ProductViewed,1591808600,Yes
7f9e25ec-34a9-4b27-9f97-041c58e6640e,21,CartViewed,1591808601,Yes
eb8f10ab-1317-4a11-b058-b2098bb64326,22,ProductViewed,1591808627,No
b11944ce-c888-4ddb-8f64-f89a6d628288,23,ProductViewed,1591808627,No
a6432520-a9fe-42a3-8e04-58cd50d18fb0,24,ProductViewed,1591808627,No
8a4af646-ffb5-4413-a201-750537e2a318,25,ProductViewed,1591808662,No
95677239-43cc-44e4-a97f-4a9c072210ae,26,ProductViewed,1591808662,No
ab6462b7-2061-42ba-a19f-a1efc877d800,27,ProductViewed,1591808662,No
e1d2ec50-2970-43be-aeb7-fc90779086b7,28,ProductViewed,1591808697,Yes
1de0c711-042b-4b47-93d9-3a7d8d969ac6,29,ProductViewed,1591808697,Yes
e65ad5b5-6860-4444-b873-9368c49cf30c,30,ProductViewed,1591808697,Yes
25a3547f-4a86-46f5-857a-fc17aa2b8fa0,1,ProductViewed,1591808732,Yes
2a33865f-f45b-475f-9e35-29c8de4dc42d,2,ProductAdded,1591808733,Yes
dd9e97a6-4281-40a5-9048-fde7809623fb,3,CheckoutStarted,1591808735,Yes
87603f27-7e5a-441e-95f6-ee33878695da,4,ProductViewed,1591808735,Yes
4e3dc511-426f-4fdd-9e15-58a7c74c9ff4,5,ProductViewed,1591808735,Yes
8cab347e-fa92-46c5-8a0e-371229e1c539,6,ProductViewed,1591808761,Yes
e1669081-8ffc-4dec-97a6-e9176d7f6651,7,ProductViewed,1591808761,Yes
cfafd627-7d6b-43a5-be05-4c7937be417d,8,ProductViewed,1591808761,Yes
6e6ad102-7510-4a02-b8ce-5a0cd6f431d1,9,ProductViewed,1591808788,Yes
49b89871-5fe7-4898-b99d-953e15fb42b2,10,ProductViewed,1591808788,Yes
5cb18925-3a3c-4867-8f1c-46efd7eba067,1,ProductViewed,1591808788,Yes
91cc9fa1-d8e9-46ae-9c8d-86264de2c6cc,2,ProductViewed,1591808820,No
ee0cec46-8edf-4436-84f0-d83e7f9c453f,3,ProductViewed,1591808820,No
0d6971a2-cffb-4602-9d4a-8edef2ac9d22,4,CartViewed,1591808820,No
7f9e25ec-34a9-4b27-9f97-041c58e6640e,5,ProductViewed,1591808820,No
eb8f10ab-1317-4a11-b058-b2098bb64326,6,ProductViewed,1591808863,No
b11944ce-c888-4ddb-8f64-f89a6d628288,7,ProductViewed,1591808863,No
a6432520-a9fe-42a3-8e04-58cd50d18fb0,8,ProductAdded,1591808865,No
8a4af646-ffb5-4413-a201-750537e2a318,9,ProductViewed,1591808865,No
95677239-43cc-44e4-a97f-4a9c072210ae,10,ProductViewed,1591808896,No
ab6462b7-2061-42ba-a19f-a1efc877d800,1,ProductViewed,1591808904,Yes
e1d2ec50-2970-43be-aeb7-fc90779086b7,2,ProductViewed,1591808904,Yes
1de0c711-042b-4b47-93d9-3a7d8d969ac6,3,ProductViewed,1591808904,Yes
e65ad5b5-6860-4444-b873-9368c49cf30c,4,ProductViewed,1591808939,No
25a3547f-4a86-46f5-857a-fc17aa2b8fa0,5,ProductViewed,1591808939,No
2a33865f-f45b-475f-9e35-29c8de4dc42d,6,ProductViewed,1591808939,No
dd9e97a6-4281-40a5-9048-fde7809623fb,7,ProductViewed,1591808973,Yes
87603f27-7e5a-441e-95f6-ee33878695da,8,ProductViewed,1591808973,Yes
4e3dc511-426f-4fdd-9e15-58a7c74c9ff4,9,ProductViewed,1591808973,Yes
8cab347e-fa92-46c5-8a0e-371229e1c539,10,ProductViewed,1591809006,No
e1669081-8ffc-4dec-97a6-e9176d7f6651,1,ProductAdded,1591809011,No
cfafd627-7d6b-43a5-be05-4c7937be417d,2,ProductViewed,1591809011,No
6e6ad102-7510-4a02-b8ce-5a0cd6f431d1,3,ProductViewed,1591809011,No
49b89871-5fe7-4898-b99d-953e15fb42b2,4,ProductViewed,1591809031,No
5cb18925-3a3c-4867-8f1c-46efd7eba067,5,ProductViewed,1591809031,No
91cc9fa1-d8e9-46ae-9c8d-86264de2c6cc,6,ProductViewed,1591809031,No
ee0cec46-8edf-4436-84f0-d83e7f9c453f,7,CartViewed,1591809034,No
0d6971a2-cffb-4602-9d4a-8edef2ac9d22,8,ProductViewed,1591809072,No
7f9e25ec-34a9-4b27-9f97-041c58e6640e,9,ProductViewed,1591809076,No
eb8f10ab-1317-4a11-b058-b2098bb64326,10,ProductViewed,1591809076,No
b11944ce-c888-4ddb-8f64-f89a6d628288,11,ProductViewed,1591809076,No
a6432520-a9fe-42a3-8e04-58cd50d18fb0,12,ProductViewed,1591809113,No
8a4af646-ffb5-4413-a201-750537e2a318,13,ProductViewed,1591809124,No
95677239-43cc-44e4-a97f-4a9c072210ae,14,ProductViewed,1591809124,No
ab6462b7-2061-42ba-a19f-a1efc877d800,15,ProductViewed,1591809124,No
e1d2ec50-2970-43be-aeb7-fc90779086b7,16,ProductAdded,1591809126,No
1de0c711-042b-4b47-93d9-3a7d8d969ac6,17,ProductViewed,1591809150,Yes
e65ad5b5-6860-4444-b873-9368c49cf30c,18,ProductViewed,1591809150,Yes
25a3547f-4a86-46f5-857a-fc17aa2b8fa0,19,ProductViewed,1591809150,Yes
2a33865f-f45b-475f-9e35-29c8de4dc42d,20,ProductViewed,1591809183,No
dd9e97a6-4281-40a5-9048-fde7809623fb,21,ProductViewed,1591809183,No
87603f27-7e5a-441e-95f6-ee33878695da,22,ProductViewed,1591809183,No
4e3dc511-426f-4fdd-9e15-58a7c74c9ff4,23,ProductViewed,1591809225,No
8cab347e-fa92-46c5-8a0e-371229e1c539,24,ProductViewed,1591809225,No
e1669081-8ffc-4dec-97a6-e9176d7f6651,25,ProductViewed,1591809225,No
cfafd627-7d6b-43a5-be05-4c7937be417d,26,ProductViewed,1591809259,Yes
6e6ad102-7510-4a02-b8ce-5a0cd6f431d1,27,ProductViewed,1591809259,Yes
49b89871-5fe7-4898-b99d-953e15fb42b2,28,ProductViewed,1591809259,Yes
5cb18925-3a3c-4867-8f1c-46efd7eba067,29,ProductAdded,1591809263,Yes
91cc9fa1-d8e9-46ae-9c8d-86264de2c6cc,30,CartViewed,1591809268,Yes
ee0cec46-8edf-4436-84f0-d83e7f9c453f,1,CheckoutStarted,1591809272,Yes
0d6971a2-cffb-4602-9d4a-8edef2ac9d22,2,OrderCompleted,1591809275,Yes
7f9e25ec-34a9-4b27-9f97-041c58e6640e,3,ProductViewed,1591809283,No
eb8f10ab-1317-4a11-b058-b2098bb64326,4,ProductViewed,1591809283,No
b11944ce-c888-4ddb-8f64-f89a6d628288,5,ProductViewed,1591809283,No
a6432520-a9fe-42a3-8e04-58cd50d18fb0,6,ProductViewed,1591809324,No
8a4af646-ffb5-4413-a201-750537e2a318,7,ProductViewed,1591809324,No
95677239-43cc-44e4-a97f-4a9c072210ae,8,ProductViewed,1591809324,No
ab6462b7-2061-42ba-a19f-a1efc877d800,9,ProductViewed,1591809349,No
e1d2ec50-2970-43be-aeb7-fc90779086b7,10,ProductViewed,1591809349,No
1de0c711-042b-4b47-93d9-3a7d8d969ac6,1,ProductViewed,1591809349,No
e65ad5b5-6860-4444-b873-9368c49cf30c,2,ProductViewed,1591809387,Yes
25a3547f-4a86-46f5-857a-fc17aa2b8fa0,3,ProductViewed,1591809387,Yes
2a33865f-f45b-475f-9e35-29c8de4dc42d,4,ProductViewed,1591809387,Yes
dd9e97a6-4281-40a5-9048-fde7809623fb,5,ProductViewed,1591809414,No
87603f27-7e5a-441e-95f6-ee33878695da,6,ProductAdded,1591809417,No
4e3dc511-426f-4fdd-9e15-58a7c74c9ff4,7,ProductViewed,1591809417,No
8cab347e-fa92-46c5-8a0e-371229e1c539,8,ProductViewed,1591809417,No
e1669081-8ffc-4dec-97a6-e9176d7f6651,9,ProductViewed,1591809447,No
cfafd627-7d6b-43a5-be05-4c7937be417d,10,ProductViewed,1591809447,No
6e6ad102-7510-4a02-b8ce-5a0cd6f431d1,1,ProductViewed,1591809447,No
49b89871-5fe7-4898-b99d-953e15fb42b2,2,ProductViewed,1591809485,No
5cb18925-3a3c-4867-8f1c-46efd7eba067,3,ProductViewed,1591809485,No
91cc9fa1-d8e9-46ae-9c8d-86264de2c6cc,4,CartViewed,1591809490,No
ee0cec46-8edf-4436-84f0-d83e7f9c453f,5,ProductViewed,1591809490,No
0d6971a2-cffb-4602-9d4a-8edef2ac9d22,6,ProductViewed,1591809514,Yes
7f9e25ec-34a9-4b27-9f97-041c58e6640e,7,ProductViewed,1591809514,Yes
eb8f10ab-1317-4a11-b058-b2098bb64326,8,ProductViewed,1591809514,Yes
b11944ce-c888-4ddb-8f64-f89a6d628288,9,ProductViewed,1591809546,Yes
a6432520-a9fe-42a3-8e04-58cd50d18fb0,10,ProductAdded,1591809548,Yes
8a4af646-ffb5-4413-a201-750537e2a318,1,ProductViewed,1591809548,Yes
95677239-43cc-44e4-a97f-4a9c072210ae,2,ProductViewed,1591809548,Yes
ab6462b7-2061-42ba-a19f-a1efc877d800,3,ProductViewed,1591809582,Yes
e1d2ec50-2970-43be-aeb7-fc90779086b7,4,ProductViewed,1591809582,Yes
1de0c711-042b-4b47-93d9-3a7d8d969ac6,5,ProductViewed,1591809582,Yes
e65ad5b5-6860-4444-b873-9368c49cf30c,6,ProductViewed,1591809614,Yes
25a3547f-4a86-46f5-857a-fc17aa2b8fa0,7,ProductViewed,1591809614,Yes
2a33865f-f45b-475f-9e35-29c8de4dc42d,8,ProductViewed,1591809614,Yes
dd9e97a6-4281-40a5-9048-fde7809623fb,9,ProductViewed,1591809655,Yes
87603f27-7e5a-441e-95f6-ee33878695da,1,ProductViewed,1591809655,Yes
4e3dc511-426f-4fdd-9e15-58a7c74c9ff4,1,ProductViewed,1591809655,Yes
8cab347e-fa92-46c5-8a0e-371229e1c539,2,ProductViewed,1591809679,No
e1669081-8ffc-4dec-97a6-e9176d7f6651,3,ProductViewed,1591809679,No
cfafd627-7d6b-43a5-be05-4c7937be417d,4,ProductAdded,1591809684,No
6e6ad102-7510-4a02-b8ce-5a0cd6f431d1,5,ProductViewed,1591809684,No
49b89871-5fe7-4898-b99d-953e15fb42b2,6,ProductViewed,1591809722,Yes
5cb18925-3a3c-4867-8f1c-46efd7eba067,7,CartViewed,1591809722,Yes
91cc9fa1-d8e9-46ae-9c8d-86264de2c6cc,8,ProductViewed,1591809722,Yes
ee0cec46-8edf-4436-84f0-d83e7f9c453f,9,ProductViewed,1591809722,Yes
0d6971a2-cffb-4602-9d4a-8edef2ac9d22,10,ProductViewed,1591809746,No
7f9e25ec-34a9-4b27-9f97-041c58e6640e,11,ProductViewed,1591809746,No
eb8f10ab-1317-4a11-b058-b2098bb64326,12,ProductViewed,1591809746,No
b11944ce-c888-4ddb-8f64-f89a6d628288,13,ProductViewed,1591809784,Yes
a6432520-a9fe-42a3-8e04-58cd50d18fb0,14,ProductViewed,1591809784,Yes
8a4af646-ffb5-4413-a201-750537e2a318,15,ProductViewed,1591809784,Yes
95677239-43cc-44e4-a97f-4a9c072210ae,16,ProductViewed,1591809814,No
ab6462b7-2061-42ba-a19f-a1efc877d800,17,ProductViewed,1591809814,No
e1d2ec50-2970-43be-aeb7-fc90779086b7,18,ProductAdded,1591809815,No
1de0c711-042b-4b47-93d9-3a7d8d969ac6,19,CheckoutStarted,1591809815,No
e65ad5b5-6860-4444-b873-9368c49cf30c,20,ProductViewed,1591809815,No
25a3547f-4a86-46f5-857a-fc17aa2b8fa0,21,ProductViewed,1591809850,Yes
2a33865f-f45b-475f-9e35-29c8de4dc42d,22,ProductViewed,1591809850,Yes
dd9e97a6-4281-40a5-9048-fde7809623fb,23,ProductViewed,1591809850,Yes
87603f27-7e5a-441e-95f6-ee33878695da,24,ProductViewed,1591809884,No
4e3dc511-426f-4fdd-9e15-58a7c74c9ff4,25,ProductViewed,1591809884,No
8cab347e-fa92-46c5-8a0e-371229e1c539,26,ProductViewed,1591809884,No
e1669081-8ffc-4dec-97a6-e9176d7f6651,27,ProductViewed,1591809918,No
cfafd627-7d6b-43a5-be05-4c7937be417d,28,ProductViewed,1591809929,Yes
6e6ad102-7510-4a02-b8ce-5a0cd6f431d1,29,ProductViewed,1591809929,Yes
49b89871-5fe7-4898-b99d-953e15fb42b2,10,CartViewed,1591809931,Yes
5cb18925-3a3c-4867-8f1c-46efd7eba067,1,ProductViewed,1591809931,Yes
91cc9fa1-d8e9-46ae-9c8d-86264de2c6cc,2,ProductViewed,1591809955,Yes
ee0cec46-8edf-4436-84f0-d83e7f9c453f,3,ProductViewed,1591809955,Yes
0d6971a2-cffb-4602-9d4a-8edef2ac9d22,4,ProductAdded,1591809956,Yes
7f9e25ec-34a9-4b27-9f97-041c58e6640e,5,ProductViewed,1591809956,Yes
eb8f10ab-1317-4a11-b058-b2098bb64326,6,ProductViewed,1591809989,Yes
b11944ce-c888-4ddb-8f64-f89a6d628288,7,ProductViewed,1591809989,Yes
a6432520-a9fe-42a3-8e04-58cd50d18fb0,8,ProductViewed,1591809989,Yes
8a4af646-ffb5-4413-a201-750537e2a318,9,ProductViewed,1591810023,No
95677239-43cc-44e4-a97f-4a9c072210ae,10,ProductViewed,1591810023,No
ab6462b7-2061-42ba-a19f-a1efc877d800,1,ProductViewed,1591810023,No
e1d2ec50-2970-43be-aeb7-fc90779086b7,2,ProductViewed,1591810052,Yes
1de0c711-042b-4b47-93d9-3a7d8d969ac6,3,ProductViewed,1591810052,Yes
e65ad5b5-6860-4444-b873-9368c49cf30c,4,ProductViewed,1591810052,Yes
25a3547f-4a86-46f5-857a-fc17aa2b8fa0,5,ProductViewed,1591810091,No
2a33865f-f45b-475f-9e35-29c8de4dc42d,6,ProductViewed,1591810098,No
dd9e97a6-4281-40a5-9048-fde7809623fb,7,ProductAdded,1591810101,No
87603f27-7e5a-441e-95f6-ee33878695da,8,ProductViewed,1591810101,No
4e3dc511-426f-4fdd-9e15-58a7c74c9ff4,9,ProductViewed,1591810101,No
8cab347e-fa92-46c5-8a0e-371229e1c539,1,ProductViewed,1591810140,No
e1669081-8ffc-4dec-97a6-e9176d7f6651,1,ProductViewed,1591810140,No
cfafd627-7d6b-43a5-be05-4c7937be417d,1,ProductViewed,1591810140,No
6e6ad102-7510-4a02-b8ce-5a0cd6f431d1,1,CartViewed,1591810141,No
49b89871-5fe7-4898-b99d-953e15fb42b2,2,ProductViewed,1591810172,Yes
5cb18925-3a3c-4867-8f1c-46efd7eba067,3,ProductViewed,1591810172,Yes
91cc9fa1-d8e9-46ae-9c8d-86264de2c6cc,4,ProductViewed,1591810172,Yes
ee0cec46-8edf-4436-84f0-d83e7f9c453f,5,ProductViewed,1591810202,Yes
0d6971a2-cffb-4602-9d4a-8edef2ac9d22,6,ProductViewed,1591810202,Yes
7f9e25ec-34a9-4b27-9f97-041c58e6640e,7,ProductViewed,1591810202,Yes
eb8f10ab-1317-4a11-b058-b2098bb64326,8,ProductViewed,1591810236,No
b11944ce-c888-4ddb-8f64-f89a6d628288,9,ProductViewed,1591810236,No
a6432520-a9fe-42a3-8e04-58cd50d18fb0,10,ProductAdded,1591810236,No
8a4af646-ffb5-4413-a201-750537e2a318,1,ProductViewed,1591810236,No
95677239-43cc-44e4-a97f-4a9c072210ae,2,ProductViewed,1591810267,No
ab6462b7-2061-42ba-a19f-a1efc877d800,3,ProductViewed,1591810279,No
e1d2ec50-2970-43be-aeb7-fc90779086b7,4,ProductViewed,1591810279,No
1de0c711-042b-4b47-93d9-3a7d8d969ac6,5,ProductViewed,1591810279,No
e65ad5b5-6860-4444-b873-9368c49cf30c,6,ProductViewed,1591810312,Yes
25a3547f-4a86-46f5-857a-fc17aa2b8fa0,7,ProductViewed,1591810317,No
2a33865f-f45b-475f-9e35-29c8de4dc42d,8,ProductViewed,1591810317,No
dd9e97a6-4281-40a5-9048-fde7809623fb,9,ProductViewed,1591810317,No
87603f27-7e5a-441e-95f6-ee33878695da,1,ProductViewed,1591810358,Yes
4e3dc511-426f-4fdd-9e15-58a7c74c9ff4,1,ProductViewed,1591810358,Yes
8cab347e-fa92-46c5-8a0e-371229e1c539,1,ProductViewed,1591810358,Yes
e1669081-8ffc-4dec-97a6-e9176d7f6651,1,ProductAdded,1591810363,Yes
cfafd627-7d6b-43a5-be05-4c7937be417d,2,CartViewed,1591810364,Yes
6e6ad102-7510-4a02-b8ce-5a0cd6f431d1,3,CheckoutStarted,1591810369,Yes
49b89871-5fe7-4898-b99d-953e15fb42b2,1,OrderCompleted,1591810372,Yes
5cb18925-3a3c-4867-8f1c-46efd7eba067,2,ProductViewed,1591810388,Yes
91cc9fa1-d8e9-46ae-9c8d-86264de2c6cc,3,ProductViewed,1591810388,Yes
ee0cec46-8edf-4436-84f0-d83e7f9c453f,4,ProductViewed,1591810388,Yes
0d6971a2-cffb-4602-9d4a-8edef2ac9d22,5,ProductViewed,1591810422,Yes
7f9e25ec-34a9-4b27-9f97-041c58e6640e,6,ProductViewed,1591810422,Yes
eb8f10ab-1317-4a11-b058-b2098bb64326,7,ProductViewed,1591810422,Yes
b11944ce-c888-4ddb-8f64-f89a6d628288,8,ProductViewed,1591810450,No
a6432520-a9fe-42a3-8e04-58cd50d18fb0,9,ProductViewed,1591810450,No
8a4af646-ffb5-4413-a201-750537e2a318,10,ProductViewed,1591810450,No
95677239-43cc-44e4-a97f-4a9c072210ae,11,ProductViewed,1591810491,Yes
ab6462b7-2061-42ba-a19f-a1efc877d800,12,ProductViewed,1591810491,Yes
e1d2ec50-2970-43be-aeb7-fc90779086b7,13,ProductViewed,1591810491,Yes
1de0c711-042b-4b47-93d9-3a7d8d969ac6,14,ProductViewed,1591810517,Yes
e65ad5b5-6860-4444-b873-9368c49cf30c,15,ProductAdded,1591810519,Yes
25a3547f-4a86-46f5-857a-fc17aa2b8fa0,16,ProductViewed,1591810519,Yes
2a33865f-f45b-475f-9e35-29c8de4dc42d,17,ProductViewed,1591810519,Yes
dd9e97a6-4281-40a5-9048-fde7809623fb,18,ProductViewed,1591810554,No
87603f27-7e5a-441e-95f6-ee33878695da,19,ProductViewed,1591810554,No
4e3dc511-426f-4fdd-9e15-58a7c74c9ff4,20,ProductViewed,1591810554,No
8cab347e-fa92-46c5-8a0e-371229e1c539,21,ProductViewed,1591810583,Yes
e1669081-8ffc-4dec-97a6-e9176d7f6651,22,ProductViewed,1591810583,Yes
cfafd627-7d6b-43a5-be05-4c7937be417d,23,CartViewed,1591810585,Yes
6e6ad102-7510-4a02-b8ce-5a0cd6f431d1,24,ProductViewed,1591810585,Yes
49b89871-5fe7-4898-b99d-953e15fb42b2,25,ProductViewed,1591810623,No
5cb18925-3a3c-4867-8f1c-46efd7eba067,26,ProductViewed,1591810623,No
91cc9fa1-d8e9-46ae-9c8d-86264de2c6cc,3,ProductViewed,1591810623,No
ee0cec46-8edf-4436-84f0-d83e7f9c453f,4,ProductViewed,1591810648,No
0d6971a2-cffb-4602-9d4a-8edef2ac9d22,5,ProductAdded,1591810651,No
7f9e25ec-34a9-4b27-9f97-041c58e6640e,6,ProductViewed,1591810658,No
eb8f10ab-1317-4a11-b058-b2098bb64326,7,ProductViewed,1591810658,No
b11944ce-c888-4ddb-8f64-f89a6d628288,8,ProductViewed,1591810658,No
a6432520-a9fe-42a3-8e04-58cd50d18fb0,9,ProductViewed,1591810693,No
8a4af646-ffb5-4413-a201-750537e2a318,10,ProductViewed,1591810693,No
95677239-43cc-44e4-a97f-4a9c072210ae,1,ProductViewed,1591810693,No
ab6462b7-2061-42ba-a19f-a1efc877d800,2,ProductViewed,1591810727,No
e1d2ec50-2970-43be-aeb7-fc90779086b7,3,ProductViewed,1591810727,No
1de0c711-042b-4b47-93d9-3a7d8d969ac6,4,ProductViewed,1591810727,No
e65ad5b5-6860-4444-b873-9368c49cf30c,5,ProductViewed,1591810757,No
25a3547f-4a86-46f5-857a-fc17aa2b8fa0,6,ProductViewed,1591810757,No
2a33865f-f45b-475f-9e35-29c8de4dc42d,7,ProductViewed,1591810757,No
dd9e97a6-4281-40a5-9048-fde7809623fb,8,ProductViewed,1591810789,No
87603f27-7e5a-441e-95f6-ee33878695da,9,ProductAdded,1591810789,No
4e3dc511-426f-4fdd-9e15-58a7c74c9ff4,1,ProductViewed,1591810809,Yes
8cab347e-fa92-46c5-8a0e-371229e1c539,1,ProductViewed,1591810809,Yes
e1669081-8ffc-4dec-97a6-e9176d7f6651,1,CartViewed,1591810814,Yes
cfafd627-7d6b-43a5-be05-4c7937be417d,1,ProductViewed,1591810814,Yes
6e6ad102-7510-4a02-b8ce-5a0cd6f431d1,2,ProductViewed,1591810844,Yes
49b89871-5fe7-4898-b99d-953e15fb42b2,3,ProductViewed,1591810854,Yes
5cb18925-3a3c-4867-8f1c-46efd7eba067,1,ProductViewed,1591810854,Yes
91cc9fa1-d8e9-46ae-9c8d-86264de2c6cc,2,ProductViewed,1591810854,Yes
ee0cec46-8edf-4436-84f0-d83e7f9c453f,3,ProductViewed,1591810877,No
0d6971a2-cffb-4602-9d4a-8edef2ac9d22,4,ProductViewed,1591810877,No
7f9e25ec-34a9-4b27-9f97-041c58e6640e,5,ProductViewed,1591810877,No
eb8f10ab-1317-4a11-b058-b2098bb64326,6,ProductViewed,1591810914,No
b11944ce-c888-4ddb-8f64-f89a6d628288,7,ProductViewed,1591810914,No
a6432520-a9fe-42a3-8e04-58cd50d18fb0,8,ProductAdded,1591810918,No
8a4af646-ffb5-4413-a201-750537e2a318,9,CheckoutStarted,1591810920,No
95677239-43cc-44e4-a97f-4a9c072210ae,10,ProductViewed,1591810920,No
ab6462b7-2061-42ba-a19f-a1efc877d800,11,ProductViewed,1591810946,No
e1d2ec50-2970-43be-aeb7-fc90779086b7,12,ProductViewed,1591810946,No
1de0c711-042b-4b47-93d9-3a7d8d969ac6,13,ProductViewed,1591810946,No
e65ad5b5-6860-4444-b873-9368c49cf30c,14,ProductViewed,1591810980,Yes
25a3547f-4a86-46f5-857a-fc17aa2b8fa0,15,ProductViewed,1591810996,No
2a33865f-f45b-475f-9e35-29c8de4dc42d,16,ProductViewed,1591810996,No
dd9e97a6-4281-40a5-9048-fde7809623fb,17,ProductViewed,1591810996,No
87603f27-7e5a-441e-95f6-ee33878695da,18,ProductViewed,1591811028,No
4e3dc511-426f-4fdd-9e15-58a7c74c9ff4,19,ProductViewed,1591811028,No
8cab347e-fa92-46c5-8a0e-371229e1c539,20,CartViewed,1591811028,No
e1669081-8ffc-4dec-97a6-e9176d7f6651,21,ProductViewed,1591811028,No
cfafd627-7d6b-43a5-be05-4c7937be417d,22,ProductViewed,1591811061,No
6e6ad102-7510-4a02-b8ce-5a0cd6f431d1,23,ProductViewed,1591811061,No
49b89871-5fe7-4898-b99d-953e15fb42b2,24,ProductAdded,1591811064,No
5cb18925-3a3c-4867-8f1c-46efd7eba067,25,ProductViewed,1591811064,No
91cc9fa1-d8e9-46ae-9c8d-86264de2c6cc,26,ProductViewed,1591811091,Yes
ee0cec46-8edf-4436-84f0-d83e7f9c453f,27,ProductViewed,1591811091,Yes
0d6971a2-cffb-4602-9d4a-8edef2ac9d22,28,ProductViewed,1591811091,Yes
7f9e25ec-34a9-4b27-9f97-041c58e6640e,29,ProductViewed,1591811121,No
eb8f10ab-1317-4a11-b058-b2098bb64326,30,ProductViewed,1591811121,No
b11944ce-c888-4ddb-8f64-f89a6d628288,9,ProductViewed,1591811121,No
a6432520-a9fe-42a3-8e04-58cd50d18fb0,10,ProductViewed,1591811158,No
8a4af646-ffb5-4413-a201-750537e2a318,1,ProductViewed,1591811158,No
95677239-43cc-44e4-a97f-4a9c072210ae,2,ProductViewed,1591811158,No
ab6462b7-2061-42ba-a19f-a1efc877d800,3,ProductViewed,1591811187,No
e1d2ec50-2970-43be-aeb7-fc90779086b7,4,ProductViewed,1591811187,No
1de0c711-042b-4b47-93d9-3a7d8d969ac6,5,ProductAdded,1591811191,No
e65ad5b5-6860-4444-b873-9368c49cf30c,6,ProductViewed,1591811191,No
25a3547f-4a86-46f5-857a-fc17aa2b8fa0,7,ProductViewed,1591811228,Yes
2a33865f-f45b-475f-9e35-29c8de4dc42d,8,ProductViewed,1591811228,Yes
dd9e97a6-4281-40a5-9048-fde7809623fb,9,ProductViewed,1591811228,Yes
87603f27-7e5a-441e-95f6-ee33878695da,10,ProductViewed,1591811254,No
4e3dc511-426f-4fdd-9e15-58a7c74c9ff4,1,CartViewed,1591811257,No
8cab347e-fa92-46c5-8a0e-371229e1c539,2,ProductViewed,1591811257,No
e1669081-8ffc-4dec-97a6-e9176d7f6651,3,ProductViewed,1591811257,No
cfafd627-7d6b-43a5-be05-4c7937be417d,4,ProductViewed,1591811289,No
6e6ad102-7510-4a02-b8ce-5a0cd6f431d1,5,ProductViewed,1591811289,No
49b89871-5fe7-4898-b99d-953e15fb42b2,6,ProductViewed,1591811289,No
5cb18925-3a3c-4867-8f1c-46efd7eba067,7,ProductViewed,1591811317,No
91cc9fa1-d8e9-46ae-9c8d-86264de2c6cc,8,ProductViewed,1591811317,No
ee0cec46-8edf-4436-84f0-d83e7f9c453f,9,ProductViewed,1591811317,No
0d6971a2-cffb-4602-9d4a-8edef2ac9d22,1,ProductAdded,1591811320,No
7f9e25ec-34a9-4b27-9f97-041c58e6640e,1,ProductViewed,1591811357,Yes
eb8f10ab-1317-4a11-b058-b2098bb64326,1,ProductViewed,1591811357,Yes
b11944ce-c888-4ddb-8f64-f89a6d628288,1,ProductViewed,1591811357,Yes
a6432520-a9fe-42a3-8e04-58cd50d18fb0,2,ProductViewed,1591811386,No
8a4af646-ffb5-4413-a201-750537e2a318,3,ProductViewed,1591811386,No
95677239-43cc-44e4-a97f-4a9c072210ae,4,ProductViewed,1591811386,No
ab6462b7-2061-42ba-a19f-a1efc877d800,5,ProductViewed,1591811422,No
e1d2ec50-2970-43be-aeb7-fc90779086b7,6,ProductViewed,1591811422,No
1de0c711-042b-4b47-93d9-3a7d8d969ac6,7,ProductViewed,1591811422,No
e65ad5b5-6860-4444-b873-9368c49cf30c,8,ProductViewed,1591811450,No
25a3547f-4a86-46f5-857a-fc17aa2b8fa0,9,ProductViewed,1591811450,No
2a33865f-f45b-475f-9e35-29c8de4dc42d,10,ProductViewed,1591811450,No
dd9e97a6-4281-40a5-9048-fde7809623fb,11,ProductAdded,1591811455,No
87603f27-7e5a-441e-95f6-ee33878695da,12,CartViewed,1591811455,No
4e3dc511-426f-4fdd-9e15-58a7c74c9ff4,13,CheckoutStarted,1591811460,No
8cab347e-fa92-46c5-8a0e-371229e1c539,14,OrderCompleted,1591811465,No
e1669081-8ffc-4dec-97a6-e9176d7f6651,15,ProductViewed,1591811487,No
cfafd627-7d6b-43a5-be05-4c7937be417d,16,ProductViewed,1591811487,No
6e6ad102-7510-4a02-b8ce-5a0cd6f431d1,17,ProductViewed,1591811487,No
49b89871-5fe7-4898-b99d-953e15fb42b2,18,ProductViewed,1591811515,Yes
5cb18925-3a3c-4867-8f1c-46efd7eba067,19,ProductViewed,1591811515,Yes
91cc9fa1-d8e9-46ae-9c8d-86264de2c6cc,20,ProductViewed,1591811515,Yes
ee0cec46-8edf-4436-84f0-d83e7f9c453f,21,ProductViewed,1591811559,No
0d6971a2-cffb-4602-9d4a-8edef2ac9d22,22,ProductViewed,1591811559,No
7f9e25ec-34a9-4b27-9f97-041c58e6640e,23,ProductViewed,1591811559,No
eb8f10ab-1317-4a11-b058-b2098bb64326,24,ProductViewed,1591811584,No
b11944ce-c888-4ddb-8f64-f89a6d628288,25,ProductViewed,1591811584,No
a6432520-a9fe-42a3-8e04-58cd50d18fb0,26,ProductViewed,1591811584,No
8a4af646-ffb5-4413-a201-750537e2a318,27,ProductViewed,1591811618,No
95677239-43cc-44e4-a97f-4a9c072210ae,28,ProductAdded,1591811619,No
ab6462b7-2061-42ba-a19f-a1efc877d800,29,ProductViewed,1591811619,No
e1d2ec50-2970-43be-aeb7-fc90779086b7,30,ProductViewed,1591811619,No
1de0c711-042b-4b47-93d9-3a7d8d969ac6,5,ProductViewed,1591811658,Yes
e65ad5b5-6860-4444-b873-9368c49cf30c,6,ProductViewed,1591811658,Yes
25a3547f-4a86-46f5-857a-fc17aa2b8fa0,7,ProductViewed,1591811658,Yes
2a33865f-f45b-475f-9e35-29c8de4dc42d,8,ProductViewed,1591811685,Yes
dd9e97a6-4281-40a5-9048-fde7809623fb,9,ProductViewed,1591811685,Yes
87603f27-7e5a-441e-95f6-ee33878695da,1,CartViewed,1591811688,Yes
4e3dc511-426f-4fdd-9e15-58a7c74c9ff4,1,ProductViewed,1591811688,Yes
8cab347e-fa92-46c5-8a0e-371229e1c539,1,ProductViewed,1591811719,No
e1669081-8ffc-4dec-97a6-e9176d7f6651,1,ProductViewed,1591811719,No
cfafd627-7d6b-43a5-be05-4c7937be417d,2,ProductViewed,1591811719,No
6e6ad102-7510-4a02-b8ce-5a0cd6f431d1,3,ProductViewed,1591811757,No
49b89871-5fe7-4898-b99d-953e15fb42b2,4,ProductAdded,1591811758,No
5cb18925-3a3c-4867-8f1c-46efd7eba067,5,ProductViewed,1591811758,No
91cc9fa1-d8e9-46ae-9c8d-86264de2c6cc,6,ProductViewed,1591811758,No
ee0cec46-8edf-4436-84f0-d83e7f9c453f,7,ProductViewed,1591811782,No
0d6971a2-cffb-4602-9d4a-8edef2ac9d22,8,ProductViewed,1591811796,Yes
7f9e25ec-34a9-4b27-9f97-041c58e6640e,9,ProductViewed,1591811796,Yes
eb8f10ab-1317-4a11-b058-b2098bb64326,10,ProductViewed,1591811796,Yes
b11944ce-c888-4ddb-8f64-f89a6d628288,1,ProductViewed,1591811829,No
a6432520-a9fe-42a3-8e04-58cd50d18fb0,2,ProductViewed,1591811829,No
8a4af646-ffb5-4413-a201-750537e2a318,3,ProductViewed,1591811829,No
95677239-43cc-44e4-a97f-4a9c072210ae,4,ProductViewed,1591811859,No
ab6462b7-2061-42ba-a19f-a1efc877d800,5,ProductViewed,1591811859,No
e1d2ec50-2970-43be-aeb7-fc90779086b7,6,ProductViewed,1591811859,No
1de0c711-042b-4b47-93d9-3a7d8d969ac6,1,ProductViewed,1591811898,No
e65ad5b5-6860-4444-b873-9368c49cf30c,2,ProductAdded,1591811903,No
25a3547f-4a86-46f5-857a-fc17aa2b8fa0,3,ProductViewed,1591811903,No
2a33865f-f45b-475f-9e35-29c8de4dc42d,4,ProductViewed,1591811903,No
dd9e97a6-4281-40a5-9048-fde7809623fb,5,CartViewed,1591811903,No
87603f27-7e5a-441e-95f6-ee33878695da,6,ProductViewed,1591811932,Yes
4e3dc511-426f-4fdd-9e15-58a7c74c9ff4,7,ProductViewed,1591811932,Yes
8cab347e-fa92-46c5-8a0e-371229e1c539,8,ProductViewed,1591811932,Yes
e1669081-8ffc-4dec-97a6-e9176d7f6651,9,ProductViewed,1591811960,No
cfafd627-7d6b-43a5-be05-4c7937be417d,10,ProductViewed,1591811976,No
6e6ad102-7510-4a02-b8ce-5a0cd6f431d1,11,ProductViewed,1591811976,No
49b89871-5fe7-4898-b99d-953e15fb42b2,12,ProductViewed,1591811976,No
5cb18925-3a3c-4867-8f1c-46efd7eba067,13,ProductViewed,1591812003,No
91cc9fa1-d8e9-46ae-9c8d-86264de2c6cc,14,ProductViewed,1591812003,No
ee0cec46-8edf-4436-84f0-d83e7f9c453f,15,ProductViewed,1591812003,No
0d6971a2-cffb-4602-9d4a-8edef2ac9d22,16,ProductAdded,1591812007,No
7f9e25ec-34a9-4b27-9f97-041c58e6640e,17,CheckoutStarted,1591812007,No
eb8f10ab-1317-4a11-b058-b2098bb64326,18,ProductViewed,1591812036,No
b11944ce-c888-4ddb-8f64-f89a6d628288,19,ProductViewed,1591812036,No
a6432520-a9fe-42a3-8e04-58cd50d18fb0,20,ProductViewed,1591812036,No
8a4af646-ffb5-4413-a201-750537e2a318,21,ProductViewed,1591812065,No
95677239-43cc-44e4-a97f-4a9c072210ae,22,ProductViewed,1591812065,No
ab6462b7-2061-42ba-a19f-a1efc877d800,23,ProductViewed,1591812065,No
e1d2ec50-2970-43be-aeb7-fc90779086b7,24,ProductViewed,1591812108,No
1de0c711-042b-4b47-93d9-3a7d8d969ac6,25,ProductViewed,1591812108,No
e65ad5b5-6860-4444-b873-9368c49cf30c,26,ProductViewed,1591812108,No
25a3547f-4a86-46f5-857a-fc17aa2b8fa0,27,ProductViewed,1591812142,No
2a33865f-f45b-475f-9e35-29c8de4dc42d,28,CartViewed,1591812145,No
dd9e97a6-4281-40a5-9048-fde7809623fb,29,ProductViewed,1591812145,No
87603f27-7e5a-441e-95f6-ee33878695da,30,ProductViewed,1591812145,No
4e3dc511-426f-4fdd-9e15-58a7c74c9ff4,2,ProductViewed,1591812168,No
8cab347e-fa92-46c5-8a0e-371229e1c539,3,ProductAdded,1591812173,No
e1669081-8ffc-4dec-97a6-e9176d7f6651,4,ProductViewed,1591812173,No
cfafd627-7d6b-43a5-be05-4c7937be417d,5,ProductViewed,1591812173,No
6e6ad102-7510-4a02-b8ce-5a0cd6f431d1,6,ProductViewed,1591812201,No
49b89871-5fe7-4898-b99d-953e15fb42b2,7,ProductViewed,1591812201,No
5cb18925-3a3c-4867-8f1c-46efd7eba067,8,ProductViewed,1591812201,No
91cc9fa1-d8e9-46ae-9c8d-86264de2c6cc,9,ProductViewed,1591812232,Yes
ee0cec46-8edf-4436-84f0-d83e7f9c453f,10,ProductViewed,1591812232,Yes
0d6971a2-cffb-4602-9d4a-8edef2ac9d22,1,ProductViewed,1591812232,Yes
7f9e25ec-34a9-4b27-9f97-041c58e6640e,2,ProductViewed,1591812273,Yes
eb8f10ab-1317-4a11-b058-b2098bb64326,3,ProductViewed,1591812273,Yes
b11944ce-c888-4ddb-8f64-f89a6d628288,4,ProductViewed,1591812273,Yes
a6432520-a9fe-42a3-8e04-58cd50d18fb0,5,ProductViewed,1591812302,Yes
8a4af646-ffb5-4413-a201-750537e2a318,6,ProductAdded,1591812307,Yes
95677239-43cc-44e4-a97f-4a9c072210ae,7,ProductViewed,1591812313,No
ab6462b7-2061-42ba-a19f-a1efc877d800,8,ProductViewed,1591812313,No
e1d2ec50-2970-43be-aeb7-fc90779086b7,9,ProductViewed,1591812313,No
1de0c711-042b-4b47-93d9-3a7d8d969ac6,1,ProductViewed,1591812347,No
e65ad5b5-6860-4444-b873-9368c49cf30c,1,ProductViewed,1591812347,No
25a3547f-4a86-46f5-857a-fc17aa2b8fa0,1,CartViewed,1591812348,No
2a33865f-f45b-475f-9e35-29c8de4dc42d,1,ProductViewed,1591812348,No
dd9e97a6-4281-40a5-9048-fde7809623fb,2,ProductViewed,1591812382,No
87603f27-7e5a-441e-95f6-ee33878695da,3,ProductViewed,1591812382,No
4e3dc511-426f-4fdd-9e15-58a7c74c9ff4,4,ProductViewed,1591812382,No
8cab347e-fa92-46c5-8a0e-371229e1c539,5,ProductViewed,1591812411,No
e1669081-8ffc-4dec-97a6-e9176d7f6651,6,ProductViewed,1591812411,No
cfafd627-7d6b-43a5-be05-4c7937be417d,7,ProductViewed,1591812411,No
6e6ad102-7510-4a02-b8ce-5a0cd6f431d1,8,ProductViewed,1591812444,No
49b89871-5fe7-4898-b99d-953e15fb42b2,9,ProductAdded,1591812446,No
5cb18925-3a3c-4867-8f1c-46efd7eba067,10,ProductViewed,1591812446,No
91cc9fa1-d8e9-46ae-9c8d-86264de2c6cc,11,ProductViewed,1591812446,No
ee0cec46-8edf-4436-84f0-d83e7f9c453f,12,ProductViewed,1591812475,No
0d6971a2-cffb-4602-9d4a-8edef2ac9d22,13,ProductViewed,1591812475,No
7f9e25ec-34a9-4b27-9f97-041c58e6640e,14,ProductViewed,1591812475,No
eb8f10ab-1317-4a11-b058-b2098bb64326,15,ProductViewed,1591812513,Yes
b11944ce-c888-4ddb-8f64-f89a6d628288,16,ProductViewed,1591812519,Yes
a6432520-a9fe-42a3-8e04-58cd50d18fb0,17,ProductViewed,1591812519,Yes
8a4af646-ffb5-4413-a201-750537e2a318,18,ProductViewed,1591812519,Yes
95677239-43cc-44e4-a97f-4a9c072210ae,19,ProductViewed,1591812519,Yes
ab6462b7-2061-42ba-a19f-a1efc877d800,20,ProductViewed,1591812571,No
e1d2ec50-2970-43be-aeb7-fc90779086b7,21,ProductViewed,1591812577,Yes
1de0c711-042b-4b47-93d9-3a7d8d969ac6,22,ProductAdded,1591812579,Yes
e65ad5b5-6860-4444-b873-9368c49cf30c,23,CartViewed,1591812582,Yes
25a3547f-4a86-46f5-857a-fc17aa2b8fa0,24,CheckoutStarted,1591812584,Yes
2a33865f-f45b-475f-9e35-29c8de4dc42d,25,OrderCompleted,1591812589,Yes
dd9e97a6-4281-40a5-9048-fde7809623fb,26,ProductViewed,1591812589,Yes
87603f27-7e5a-441e-95f6-ee33878695da,27,ProductViewed,1591812589,Yes
4e3dc511-426f-4fdd-9e15-58a7c74c9ff4,28,ProductViewed,1591812589,Yes
8cab347e-fa92-46c5-8a0e-371229e1c539,29,ProductViewed,1591812623,Yes
e1669081-8ffc-4dec-97a6-e9176d7f6651,30,ProductViewed,1591812623,Yes
cfafd627-7d6b-43a5-be05-4c7937be417d,9,ProductViewed,1591812623,Yes
6e6ad102-7510-4a02-b8ce-5a0cd6f431d1,10,ProductViewed,1591812623,Yes
49b89871-5fe7-4898-b99d-953e15fb42b2,1,ProductViewed,1591812666,Yes
5cb18925-3a3c-4867-8f1c-46efd7eba067,2,ProductViewed,1591812666,Yes
91cc9fa1-d8e9-46ae-9c8d-86264de2c6cc,3,ProductViewed,1591812666,Yes
ee0cec46-8edf-4436-84f0-d83e7f9c453f,4,ProductViewed,1591812666,Yes
0d6971a2-cffb-4602-9d4a-8edef2ac9d22,5,ProductViewed,1591812709,No
7f9e25ec-34a9-4b27-9f97-041c58e6640e,6,ProductViewed,1591812709,No
eb8f10ab-1317-4a11-b058-b2098bb64326,7,ProductAdded,1591812712,No
b11944ce-c888-4ddb-8f64-f89a6d628288,8,ProductViewed,1591812712,No
a6432520-a9fe-42a3-8e04-58cd50d18fb0,9,ProductViewed,1591812712,No
8a4af646-ffb5-4413-a201-750537e2a318,1,ProductViewed,1591812748,No
95677239-43cc-44e4-a97f-4a9c072210ae,1,ProductViewed,1591812748,No
ab6462b7-2061-42ba-a19f-a1efc877d800,1,ProductViewed,1591812748,No
e1d2ec50-2970-43be-aeb7-fc90779086b7,1,ProductViewed,1591812748,No
1de0c711-042b-4b47-93d9-3a7d8d969ac6,2,ProductViewed,1591812793,No
e65ad5b5-6860-4444-b873-9368c49cf30c,3,CartViewed,1591812796,No
25a3547f-4a86-46f5-857a-fc17aa2b8fa0,4,ProductViewed,1591812796,No
2a33865f-f45b-475f-9e35-29c8de4dc42d,5,ProductViewed,1591812796,No
dd9e97a6-4281-40a5-9048-fde7809623fb,6,ProductViewed,1591812796,No
87603f27-7e5a-441e-95f6-ee33878695da,7,ProductViewed,1591812836,No
4e3dc511-426f-4fdd-9e15-58a7c74c9ff4,8,ProductViewed,1591812836,No
8cab347e-fa92-46c5-8a0e-371229e1c539,9,ProductAdded,1591812839,No
e1669081-8ffc-4dec-97a6-e9176d7f6651,10,ProductViewed,1591812839,No
cfafd627-7d6b-43a5-be05-4c7937be417d,11,ProductViewed,1591812839,No
6e6ad102-7510-4a02-b8ce-5a0cd6f431d1,12,ProductViewed,1591812885,No
49b89871-5fe7-4898-b99d-953e15fb42b2,13,ProductViewed,1591812893,No
5cb18925-3a3c-4867-8f1c-46efd7eba067,14,ProductViewed,1591812905,No
91cc9fa1-d8e9-46ae-9c8d-86264de2c6cc,15,ProductViewed,1591812905,No
ee0cec46-8edf-4436-84f0-d83e7f9c453f,16,ProductViewed,1591812905,No
0d6971a2-cffb-4602-9d4a-8edef2ac9d22,17,ProductViewed,1591812905,No
7f9e25ec-34a9-4b27-9f97-041c58e6640e,18,ProductViewed,1591812951,No
eb8f10ab-1317-4a11-b058-b2098bb64326,19,ProductViewed,1591812951,No
b11944ce-c888-4ddb-8f64-f89a6d628288,20,ProductViewed,1591812951,No
a6432520-a9fe-42a3-8e04-58cd50d18fb0,21,ProductViewed,1591812951,No
8a4af646-ffb5-4413-a201-750537e2a318,22,ProductViewed,1591812993,No
95677239-43cc-44e4-a97f-4a9c072210ae,23,ProductAdded,1591812997,No
ab6462b7-2061-42ba-a19f-a1efc877d800,24,ProductViewed,1591813011,No
e1d2ec50-2970-43be-aeb7-fc90779086b7,25,ProductViewed,1591813011,No
1de0c711-042b-4b47-93d9-3a7d8d969ac6,26,CartViewed,1591813013,No
e65ad5b5-6860-4444-b873-9368c49cf30c,27,ProductViewed,1591813013,No
25a3547f-4a86-46f5-857a-fc17aa2b8fa0,28,ProductViewed,1591813013,No
2a33865f-f45b-475f-9e35-29c8de4dc42d,29,ProductViewed,1591813051,No
dd9e97a6-4281-40a5-9048-fde7809623fb,30,ProductViewed,1591813051,No
87603f27-7e5a-441e-95f6-ee33878695da,9,ProductViewed,1591813051,No
4e3dc511-426f-4fdd-9e15-58a7c74c9ff4,10,ProductViewed,1591813051,No
8cab347e-fa92-46c5-8a0e-371229e1c539,1,ProductViewed,1591813092,No
e1669081-8ffc-4dec-97a6-e9176d7f6651,2,ProductViewed,1591813092,No
cfafd627-7d6b-43a5-be05-4c7937be417d,3,ProductViewed,1591813092,No
6e6ad102-7510-4a02-b8ce-5a0cd6f431d1,4,ProductViewed,1591813092,No
49b89871-5fe7-4898-b99d-953e15fb42b2,5,ProductAdded,1591813093,No
5cb18925-3a3c-4867-8f1c-46efd7eba067,6,CheckoutStarted,1591813093,No
91cc9fa1-d8e9-46ae-9c8d-86264de2c6cc,7,ProductViewed,1591813143,No
ee0cec46-8edf-4436-84f0-d83e7f9c453f,8,ProductViewed,1591813149,Yes
0d6971a2-cffb-4602-9d4a-8edef2ac9d22,9,ProductViewed,1591813149,Yes
7f9e25ec-34a9-4b27-9f97-041c58e6640e,1,ProductViewed,1591813149,Yes
eb8f10ab-1317-4a11-b058-b2098bb64326,1,ProductViewed,1591813149,Yes
b11944ce-c888-4ddb-8f64-f89a6d628288,1,ProductViewed,1591813198,No
a6432520-a9fe-42a3-8e04-58cd50d18fb0,1,ProductViewed,1591813198,No
8a4af646-ffb5-4413-a201-750537e2a318,2,ProductViewed,1591813198,No
95677239-43cc-44e4-a97f-4a9c072210ae,3,ProductViewed,1591813198,No
ab6462b7-2061-42ba-a19f-a1efc877d800,4,ProductViewed,1591813239,Yes
e1d2ec50-2970-43be-aeb7-fc90779086b7,5,CartViewed,1591813243,Yes
1de0c711-042b-4b47-93d9-3a7d8d969ac6,6,ProductViewed,1591813243,Yes
e65ad5b5-6860-4444-b873-9368c49cf30c,7,ProductViewed,1591813243,Yes
25a3547f-4a86-46f5-857a-fc17aa2b8fa0,8,ProductViewed,1591813243,Yes
2a33865f-f45b-475f-9e35-29c8de4dc42d,9,ProductAdded,1591813246,Yes
dd9e97a6-4281-40a5-9048-fde7809623fb,10,ProductViewed,1591813285,Yes
87603f27-7e5a-441e-95f6-ee33878695da,11,ProductViewed,1591813285,Yes
4e3dc511-426f-4fdd-9e15-58a7c74c9ff4,12,ProductViewed,1591813285,Yes
8cab347e-fa92-46c5-8a0e-371229e1c539,13,ProductViewed,1591813285,Yes
e1669081-8ffc-4dec-97a6-e9176d7f6651,14,ProductViewed,1591813330,Yes
cfafd627-7d6b-43a5-be05-4c7937be417d,15,ProductViewed,1591813330,Yes
6e6ad102-7510-4a02-b8ce-5a0cd6f431d1,16,ProductViewed,1591813330,Yes
49b89871-5fe7-4898-b99d-953e15fb42b2,17,ProductViewed,1591813330,Yes
5cb18925-3a3c-4867-8f1c-46efd7eba067,18,ProductViewed,1591813373,No
91cc9fa1-d8e9-46ae-9c8d-86264de2c6cc,19,ProductViewed,1591813373,No
ee0cec46-8edf-4436-84f0-d83e7f9c453f,20,ProductViewed,1591813373,No
0d6971a2-cffb-4602-9d4a-8edef2ac9d22,21,ProductViewed,1591813373,No
7f9e25ec-34a9-4b27-9f97-041c58e6640e,22,ProductAdded,1591813378,No
eb8f10ab-1317-4a11-b058-b2098bb64326,23,ProductViewed,1591813411,No
b11944ce-c888-4ddb-8f64-f89a6d628288,24,ProductViewed,1591813411,No
a6432520-a9fe-42a3-8e04-58cd50d18fb0,25,ProductViewed,1591813411,No
8a4af646-ffb5-4413-a201-750537e2a318,26,ProductViewed,1591813411,No
95677239-43cc-44e4-a97f-4a9c072210ae,27,ProductViewed,1591813454,No
ab6462b7-2061-42ba-a19f-a1efc877d800,28,CartViewed,1591813454,No
e1d2ec50-2970-43be-aeb7-fc90779086b7,29,ProductViewed,1591813454,No
1de0c711-042b-4b47-93d9-3a7d8d969ac6,30,ProductViewed,1591813454,No
e65ad5b5-6860-4444-b873-9368c49cf30c,1,ProductViewed,1591813454,No
25a3547f-4a86-46f5-857a-fc17aa2b8fa0,1,ProductViewed,1591813500,No
2a33865f-f45b-475f-9e35-29c8de4dc42d,1,ProductViewed,1591813500,No
dd9e97a6-4281-40a5-9048-fde7809623fb,1,ProductViewed,1591813500,No
87603f27-7e5a-441e-95f6-ee33878695da,2,ProductViewed,1591813500,No
4e3dc511-426f-4fdd-9e15-58a7c74c9ff4,3,ProductViewed,1591813546,No
8cab347e-fa92-46c5-8a0e-371229e1c539,4,ProductAdded,1591813548,No
e1669081-8ffc-4dec-97a6-e9176d7f6651,5,ProductViewed,1591813548,No
cfafd627-7d6b-43a5-be05-4c7937be417d,6,ProductViewed,1591813548,No
6e6ad102-7510-4a02-b8ce-5a0cd6f431d1,7,ProductViewed,1591813548,No
49b89871-5fe7-4898-b99d-953e15fb42b2,8,ProductViewed,1591813583,Yes
5cb18925-3a3c-4867-8f1c-46efd7eba067,9,ProductViewed,1591813583,Yes
91cc9fa1-d8e9-46ae-9c8d-86264de2c6cc,1,ProductViewed,1591813583,Yes
ee0cec46-8edf-4436-84f0-d83e7f9c453f,1,ProductViewed,1591813583,Yes
0d6971a2-cffb-4602-9d4a-8edef2ac9d22,1,ProductViewed,1591813632,No
7f9e25ec-34a9-4b27-9f97-041c58e6640e,1,ProductViewed,1591813632,No
eb8f10ab-1317-4a11-b058-b2098bb64326,3,ProductViewed,1591813632,No
b11944ce-c888-4ddb-8f64-f89a6d628288,3,ProductViewed,1591813632,No
a6432520-a9fe-42a3-8e04-58cd50d18fb0,3,ProductViewed,1591813673,No
8a4af646-ffb5-4413-a201-750537e2a318,5,ProductAdded,1591813676,No
95677239-43cc-44e4-a97f-4a9c072210ae,5,CartViewed,1591813677,No
ab6462b7-2061-42ba-a19f-a1efc877d800,5,CheckoutStarted,1591813678,No
e1d2ec50-2970-43be-aeb7-fc90779086b7,1,OrderCompleted,1591813682,No
1de0c711-042b-4b47-93d9-3a7d8d969ac6,1,ProductViewed,1591813682,No
e65ad5b5-6860-4444-b873-9368c49cf30c,1,ProductViewed,1591813682,No
25a3547f-4a86-46f5-857a-fc17aa2b8fa0,1,ProductViewed,1591813682,No
2a33865f-f45b-475f-9e35-29c8de4dc42d,3,ProductViewed,1591813718,Yes
dd9e97a6-4281-40a5-9048-fde7809623fb,3,ProductViewed,1591813718,Yes
87603f27-7e5a-441e-95f6-ee33878695da,3,ProductViewed,1591813718,Yes
4e3dc511-426f-4fdd-9e15-58a7c74c9ff4,3,ProductViewed,1591813718,Yes
8cab347e-fa92-46c5-8a0e-371229e1c539,2,ProductViewed,1591813770,No
e1669081-8ffc-4dec-97a6-e9176d7f6651,2,ProductViewed,1591813770,No
cfafd627-7d6b-43a5-be05-4c7937be417d,2,ProductViewed,1591813770,No
6e6ad102-7510-4a02-b8ce-5a0cd6f431d1,4,ProductViewed,1591813770,No
49b89871-5fe7-4898-b99d-953e15fb42b2,4,ProductViewed,1591813805,No
5cb18925-3a3c-4867-8f1c-46efd7eba067,4,ProductViewed,1591813805,No
91cc9fa1-d8e9-46ae-9c8d-86264de2c6cc,3,ProductAdded,1591813806,No
ee0cec46-8edf-4436-84f0-d83e7f9c453f,3,ProductViewed,1591813806,No
0d6971a2-cffb-4602-9d4a-8edef2ac9d22,3,ProductViewed,1591813806,No
7f9e25ec-34a9-4b27-9f97-041c58e6640e,1,ProductViewed,1591813856,Yes
eb8f10ab-1317-4a11-b058-b2098bb64326,1,ProductViewed,1591813856,Yes
b11944ce-c888-4ddb-8f64-f89a6d628288,1,ProductViewed,1591813856,Yes
a6432520-a9fe-42a3-8e04-58cd50d18fb0,2,ProductViewed,1591813856,Yes
8a4af646-ffb5-4413-a201-750537e2a318,2,ProductViewed,1591813892,No
95677239-43cc-44e4-a97f-4a9c072210ae,2,CartViewed,1591813896,No
ab6462b7-2061-42ba-a19f-a1efc877d800,2,ProductViewed,1591813896,No
e1d2ec50-2970-43be-aeb7-fc90779086b7,2,ProductViewed,1591813896,No
1de0c711-042b-4b47-93d9-3a7d8d969ac6,4,ProductViewed,1591813896,No
e65ad5b5-6860-4444-b873-9368c49cf30c,4,ProductViewed,1591813940,No
25a3547f-4a86-46f5-857a-fc17aa2b8fa0,4,ProductViewed,1591813940,No
2a33865f-f45b-475f-9e35-29c8de4dc42d,5,ProductAdded,1591813943,No
dd9e97a6-4281-40a5-9048-fde7809623fb,5,ProductViewed,1591813943,No
87603f27-7e5a-441e-95f6-ee33878695da,5,ProductViewed,1591813943,No
4e3dc511-426f-4fdd-9e15-58a7c74c9ff4,2,ProductViewed,1591813982,No
8cab347e-fa92-46c5-8a0e-371229e1c539,2,ProductViewed,1591813982,No
e1669081-8ffc-4dec-97a6-e9176d7f6651,2,ProductViewed,1591813982,No
cfafd627-7d6b-43a5-be05-4c7937be417d,1,ProductViewed,1591813982,No
6e6ad102-7510-4a02-b8ce-5a0cd6f431d1,11,ProductViewed,1591814033,No
49b89871-5fe7-4898-b99d-953e15fb42b2,12,ProductViewed,1591814033,No
5cb18925-3a3c-4867-8f1c-46efd7eba067,13,ProductViewed,1591814033,No
91cc9fa1-d8e9-46ae-9c8d-86264de2c6cc,14,ProductViewed,1591814033,No
ee0cec46-8edf-4436-84f0-d83e7f9c453f,15,ProductViewed,1591814078,No
0d6971a2-cffb-4602-9d4a-8edef2ac9d22,16,ProductViewed,1591814078,No
7f9e25ec-34a9-4b27-9f97-041c58e6640e,17,ProductViewed,1591814078,No
eb8f10ab-1317-4a11-b058-b2098bb64326,18,ProductAdded,1591814081,No
b11944ce-c888-4ddb-8f64-f89a6d628288,19,ProductViewed,1591814081,No
a6432520-a9fe-42a3-8e04-58cd50d18fb0,20,ProductViewed,1591814112,Yes
8a4af646-ffb5-4413-a201-750537e2a318,21,CartViewed,1591814114,Yes
95677239-43cc-44e4-a97f-4a9c072210ae,22,ProductViewed,1591814133,No
ab6462b7-2061-42ba-a19f-a1efc877d800,23,ProductViewed,1591814133,No
e1d2ec50-2970-43be-aeb7-fc90779086b7,24,ProductViewed,1591814133,No
1de0c711-042b-4b47-93d9-3a7d8d969ac6,25,ProductViewed,1591814133,No
e65ad5b5-6860-4444-b873-9368c49cf30c,26,ProductViewed,1591814170,No
25a3547f-4a86-46f5-857a-fc17aa2b8fa0,27,ProductViewed,1591814170,No
2a33865f-f45b-475f-9e35-29c8de4dc42d,28,ProductViewed,1591814170,No
dd9e97a6-4281-40a5-9048-fde7809623fb,29,ProductViewed,1591814170,No
87603f27-7e5a-441e-95f6-ee33878695da,30,ProductViewed,1591814213,No
4e3dc511-426f-4fdd-9e15-58a7c74c9ff4,3,ProductViewed,1591814213,No
8cab347e-fa92-46c5-8a0e-371229e1c539,2,ProductAdded,1591814213,No
e1669081-8ffc-4dec-97a6-e9176d7f6651,2,CheckoutStarted,1591814215,No
cfafd627-7d6b-43a5-be05-4c7937be417d,2,ProductViewed,1591814215,No
6e6ad102-7510-4a02-b8ce-5a0cd6f431d1,4,ProductViewed,1591814215,No
49b89871-5fe7-4898-b99d-953e15fb42b2,4,ProductViewed,1591814257,No
5cb18925-3a3c-4867-8f1c-46efd7eba067,4,ProductViewed,1591814257,No
91cc9fa1-d8e9-46ae-9c8d-86264de2c6cc,3,ProductViewed,1591814257,No
ee0cec46-8edf-4436-84f0-d83e7f9c453f,3,ProductViewed,1591814257,No
0d6971a2-cffb-4602-9d4a-8edef2ac9d22,3,ProductViewed,1591814308,No
7f9e25ec-34a9-4b27-9f97-041c58e6640e,1,ProductViewed,1591814308,No
eb8f10ab-1317-4a11-b058-b2098bb64326,1,ProductViewed,1591814308,No
b11944ce-c888-4ddb-8f64-f89a6d628288,1,ProductViewed,1591814308,No
ee0cec46-8edf-4436-84f0-d83e7f9c453f,7,ProductViewed,1591813051,No
0d6971a2-cffb-4602-9d4a-8edef2ac9d22,7,ProductViewed,1591813051,No
7f9e25ec-34a9-4b27-9f97-041c58e6640e,7,ProductViewed,1591813051,No
eb8f10ab-1317-4a11-b058-b2098bb64326,9,ProductViewed,1591813051,No
b11944ce-c888-4ddb-8f64-f89a6d628288,9,ProductViewed,1591813092,No
a6432520-a9fe-42a3-8e04-58cd50d18fb0,9,ProductViewed,1591813092,No
8a4af646-ffb5-4413-a201-750537e2a318,8,ProductViewed,1591813092,No
95677239-43cc-44e4-a97f-4a9c072210ae,8,ProductViewed,1591813092,No
ab6462b7-2061-42ba-a19f-a1efc877d800,8,ProductAdded,1591813093,No
e1d2ec50-2970-43be-aeb7-fc90779086b7,9,CheckoutStarted,1591813093,No
1de0c711-042b-4b47-93d9-3a7d8d969ac6,9,ProductViewed,1591813143,No
e65ad5b5-6860-4444-b873-9368c49cf30c,10,ProductViewed,1591813149,Yes
25a3547f-4a86-46f5-857a-fc17aa2b8fa0,11,ProductViewed,1591813149,Yes
2a33865f-f45b-475f-9e35-29c8de4dc42d,12,ProductViewed,1591813149,Yes
dd9e97a6-4281-40a5-9048-fde7809623fb,13,ProductViewed,1591813149,Yes
87603f27-7e5a-441e-95f6-ee33878695da,14,ProductViewed,1591813198,No
4e3dc511-426f-4fdd-9e15-58a7c74c9ff4,15,ProductViewed,1591813198,No
8cab347e-fa92-46c5-8a0e-371229e1c539,16,ProductViewed,1591813198,No
e1669081-8ffc-4dec-97a6-e9176d7f6651,17,ProductViewed,1591813198,No
cfafd627-7d6b-43a5-be05-4c7937be417d,18,ProductViewed,1591813239,Yes
6e6ad102-7510-4a02-b8ce-5a0cd6f431d1,19,CartViewed,1591813243,Yes
49b89871-5fe7-4898-b99d-953e15fb42b2,20,ProductViewed,1591813243,Yes
5cb18925-3a3c-4867-8f1c-46efd7eba067,21,ProductViewed,1591813243,Yes
91cc9fa1-d8e9-46ae-9c8d-86264de2c6cc,22,ProductViewed,1591813243,Yes
ee0cec46-8edf-4436-84f0-d83e7f9c453f,23,ProductAdded,1591813246,Yes
0d6971a2-cffb-4602-9d4a-8edef2ac9d22,24,ProductViewed,1591813285,Yes
7f9e25ec-34a9-4b27-9f97-041c58e6640e,25,ProductViewed,1591813285,Yes
eb8f10ab-1317-4a11-b058-b2098bb64326,26,ProductViewed,1591813285,Yes
b11944ce-c888-4ddb-8f64-f89a6d628288,27,ProductViewed,1591813285,Yes
a6432520-a9fe-42a3-8e04-58cd50d18fb0,28,ProductViewed,1591813330,Yes
8a4af646-ffb5-4413-a201-750537e2a318,29,ProductViewed,1591813330,Yes
95677239-43cc-44e4-a97f-4a9c072210ae,6,ProductViewed,1591813330,Yes
ab6462b7-2061-42ba-a19f-a1efc877d800,6,ProductViewed,1591813330,Yes
e1d2ec50-2970-43be-aeb7-fc90779086b7,9,ProductViewed,1591813373,No
1de0c711-042b-4b47-93d9-3a7d8d969ac6,9,ProductViewed,1591813373,No
e65ad5b5-6860-4444-b873-9368c49cf30c,9,ProductViewed,1591813373,No
25a3547f-4a86-46f5-857a-fc17aa2b8fa0,8,ProductViewed,1591813373,No
2a33865f-f45b-475f-9e35-29c8de4dc42d,8,ProductAdded,1591813378,No
dd9e97a6-4281-40a5-9048-fde7809623fb,8,ProductViewed,1591813411,No
87603f27-7e5a-441e-95f6-ee33878695da,7,ProductViewed,1591813411,No
4e3dc511-426f-4fdd-9e15-58a7c74c9ff4,7,ProductViewed,1591813411,No
8cab347e-fa92-46c5-8a0e-371229e1c539,7,ProductViewed,1591813411,No
e1669081-8ffc-4dec-97a6-e9176d7f6651,7,ProductViewed,1591813454,No
cfafd627-7d6b-43a5-be05-4c7937be417d,7,CartViewed,1591813454,No
6e6ad102-7510-4a02-b8ce-5a0cd6f431d1,7,ProductViewed,1591813454,No
49b89871-5fe7-4898-b99d-953e15fb42b2,7,ProductViewed,1591813454,No
5cb18925-3a3c-4867-8f1c-46efd7eba067,9,ProductViewed,1591813454,No
91cc9fa1-d8e9-46ae-9c8d-86264de2c6cc,9,ProductViewed,1591813500,No
ee0cec46-8edf-4436-84f0-d83e7f9c453f,9,ProductViewed,1591813500,No
0d6971a2-cffb-4602-9d4a-8edef2ac9d22,10,ProductViewed,1591813500,No
7f9e25ec-34a9-4b27-9f97-041c58e6640e,10,ProductViewed,1591813500,No
eb8f10ab-1317-4a11-b058-b2098bb64326,10,ProductViewed,1591813546,No
b11944ce-c888-4ddb-8f64-f89a6d628288,11,ProductAdded,1591813548,No
7f9e25ec-34a9-4b27-9f97-041c58e6640e,12,ProductViewed,1591803788,No
eb8f10ab-1317-4a11-b058-b2098bb64326,13,ProductViewed,1591803788,No
b11944ce-c888-4ddb-8f64-f89a6d628288,14,ProductViewed,1591803812,Yes
a6432520-a9fe-42a3-8e04-58cd50d18fb0,15,ProductViewed,1591803812,Yes
8a4af646-ffb5-4413-a201-750537e2a318,16,ProductViewed,1591803830,Yes
95677239-43cc-44e4-a97f-4a9c072210ae,17,ProductViewed,1591803830,Yes
ab6462b7-2061-42ba-a19f-a1efc877d800,18,ProductViewed,1591803851,No
e1d2ec50-2970-43be-aeb7-fc90779086b7,19,ProductViewed,1591803851,No
1de0c711-042b-4b47-93d9-3a7d8d969ac6,20,ProductViewed,1591803872,Yes
e65ad5b5-6860-4444-b873-9368c49cf30c,21,ProductViewed,1591803872,Yes
25a3547f-4a86-46f5-857a-fc17aa2b8fa0,22,ProductViewed,1591803896,No
2a33865f-f45b-475f-9e35-29c8de4dc42d,23,ProductViewed,1591803896,No
dd9e97a6-4281-40a5-9048-fde7809623fb,24,ProductViewed,1591803923,No
87603f27-7e5a-441e-95f6-ee33878695da,25,ProductAdded,1591803924,No
4e3dc511-426f-4fdd-9e15-58a7c74c9ff4,26,ProductViewed,1591803924,No
8cab347e-fa92-46c5-8a0e-371229e1c539,27,ProductViewed,1591803937,Yes
e1669081-8ffc-4dec-97a6-e9176d7f6651,28,ProductViewed,1591803937,Yes
cfafd627-7d6b-43a5-be05-4c7937be417d,29,ProductViewed,1591803966,No
6e6ad102-7510-4a02-b8ce-5a0cd6f431d1,30,ProductViewed,1591803966,No
49b89871-5fe7-4898-b99d-953e15fb42b2,1,ProductViewed,1591803985,Yes
5cb18925-3a3c-4867-8f1c-46efd7eba067,1,ProductViewed,1591803985,Yes
91cc9fa1-d8e9-46ae-9c8d-86264de2c6cc,1,CartViewed,1591803989,Yes
ee0cec46-8edf-4436-84f0-d83e7f9c453f,3,ProductViewed,1591804010,No
0d6971a2-cffb-4602-9d4a-8edef2ac9d22,3,ProductViewed,1591804010,No
7f9e25ec-34a9-4b27-9f97-041c58e6640e,2,ProductViewed,1591804032,Yes
eb8f10ab-1317-4a11-b058-b2098bb64326,2,ProductViewed,1591804032,Yes
b11944ce-c888-4ddb-8f64-f89a6d628288,1,ProductViewed,1591804054,Yes
a6432520-a9fe-42a3-8e04-58cd50d18fb0,1,ProductAdded,1591804054,Yes
8a4af646-ffb5-4413-a201-750537e2a318,1,ProductViewed,1591804054,Yes
95677239-43cc-44e4-a97f-4a9c072210ae,3,ProductViewed,1591804074,No
ab6462b7-2061-42ba-a19f-a1efc877d800,3,ProductViewed,1591804074,No
e1d2ec50-2970-43be-aeb7-fc90779086b7,2,ProductViewed,1591804100,No
1de0c711-042b-4b47-93d9-3a7d8d969ac6,2,ProductViewed,1591804100,No
e65ad5b5-6860-4444-b873-9368c49cf30c,1,ProductViewed,1591804119,Yes
25a3547f-4a86-46f5-857a-fc17aa2b8fa0,1,ProductViewed,1591804119,Yes
2a33865f-f45b-475f-9e35-29c8de4dc42d,4,ProductViewed,1591804139,No
dd9e97a6-4281-40a5-9048-fde7809623fb,4,ProductViewed,1591804139,No
87603f27-7e5a-441e-95f6-ee33878695da,2,ProductViewed,1591804159,No
4e3dc511-426f-4fdd-9e15-58a7c74c9ff4,3,ProductViewed,1591804169,Yes
8cab347e-fa92-46c5-8a0e-371229e1c539,3,ProductViewed,1591804169,Yes
e1669081-8ffc-4dec-97a6-e9176d7f6651,3,ProductViewed,1591804169,Yes
cfafd627-7d6b-43a5-be05-4c7937be417d,3,ProductAdded,1591804173,Yes
6e6ad102-7510-4a02-b8ce-5a0cd6f431d1,2,ProductViewed,1591804205,Yes
49b89871-5fe7-4898-b99d-953e15fb42b2,2,ProductViewed,1591804205,Yes
5cb18925-3a3c-4867-8f1c-46efd7eba067,2,CartViewed,1591804209,Yes
91cc9fa1-d8e9-46ae-9c8d-86264de2c6cc,2,ProductViewed,1591804209,Yes
ee0cec46-8edf-4436-84f0-d83e7f9c453f,1,ProductViewed,1591804241,Yes
0d6971a2-cffb-4602-9d4a-8edef2ac9d22,1,ProductViewed,1591804241,Yes
7f9e25ec-34a9-4b27-9f97-041c58e6640e,1,ProductViewed,1591804241,Yes
eb8f10ab-1317-4a11-b058-b2098bb64326,3,ProductViewed,1591804274,No
b11944ce-c888-4ddb-8f64-f89a6d628288,3,ProductViewed,1591804274,No
a6432520-a9fe-42a3-8e04-58cd50d18fb0,3,ProductViewed,1591804274,No
8a4af646-ffb5-4413-a201-750537e2a318,1,ProductViewed,1591804307,No
95677239-43cc-44e4-a97f-4a9c072210ae,10,ProductViewed,1591804307,No
ab6462b7-2061-42ba-a19f-a1efc877d800,11,ProductViewed,1591804307,No
e1d2ec50-2970-43be-aeb7-fc90779086b7,12,ProductAdded,1591804308,No
1de0c711-042b-4b47-93d9-3a7d8d969ac6,13,CheckoutStarted,1591804312,No
e65ad5b5-6860-4444-b873-9368c49cf30c,14,ProductViewed,1591804339,No
25a3547f-4a86-46f5-857a-fc17aa2b8fa0,15,ProductViewed,1591804339,No
2a33865f-f45b-475f-9e35-29c8de4dc42d,16,ProductViewed,1591804339,No
dd9e97a6-4281-40a5-9048-fde7809623fb,17,ProductViewed,1591804371,No
87603f27-7e5a-441e-95f6-ee33878695da,18,ProductViewed,1591804371,No
4e3dc511-426f-4fdd-9e15-58a7c74c9ff4,19,ProductViewed,1591804371,No
8cab347e-fa92-46c5-8a0e-371229e1c539,20,ProductViewed,1591804402,No
e1669081-8ffc-4dec-97a6-e9176d7f6651,21,ProductViewed,1591804402,No
cfafd627-7d6b-43a5-be05-4c7937be417d,22,ProductViewed,1591804402,No
6e6ad102-7510-4a02-b8ce-5a0cd6f431d1,23,ProductViewed,1591804433,Yes
49b89871-5fe7-4898-b99d-953e15fb42b2,24,CartViewed,1591804433,Yes
5cb18925-3a3c-4867-8f1c-46efd7eba067,25,ProductViewed,1591804433,Yes
91cc9fa1-d8e9-46ae-9c8d-86264de2c6cc,26,ProductViewed,1591804433,Yes
ee0cec46-8edf-4436-84f0-d83e7f9c453f,27,ProductViewed,1591804468,No
0d6971a2-cffb-4602-9d4a-8edef2ac9d22,28,ProductAdded,1591804471,No
7f9e25ec-34a9-4b27-9f97-041c58e6640e,29,ProductViewed,1591804471,No
eb8f10ab-1317-4a11-b058-b2098bb64326,30,ProductViewed,1591804471,No
b11944ce-c888-4ddb-8f64-f89a6d628288,4,ProductViewed,1591804499,Yes
ee0cec46-8edf-4436-84f0-d83e7f9c453f,4,ProductViewed,1591804499,Yes
0d6971a2-cffb-4602-9d4a-8edef2ac9d22,4,ProductViewed,1591804499,Yes
7f9e25ec-34a9-4b27-9f97-041c58e6640e,2,ProductViewed,1591804531,No
eb8f10ab-1317-4a11-b058-b2098bb64326,2,ProductViewed,1591804531,No
b11944ce-c888-4ddb-8f64-f89a6d628288,2,ProductViewed,1591804531,No
a6432520-a9fe-42a3-8e04-58cd50d18fb0,5,ProductViewed,1591804571,No
8a4af646-ffb5-4413-a201-750537e2a318,5,ProductViewed,1591804571,No
95677239-43cc-44e4-a97f-4a9c072210ae,5,ProductViewed,1591804571,No
ab6462b7-2061-42ba-a19f-a1efc877d800,2,ProductViewed,1591804607,No
e1d2ec50-2970-43be-aeb7-fc90779086b7,2,ProductAdded,1591804611,No
1de0c711-042b-4b47-93d9-3a7d8d969ac6,2,ProductViewed,1591804611,No
e65ad5b5-6860-4444-b873-9368c49cf30c,2,ProductViewed,1591804611,No
25a3547f-4a86-46f5-857a-fc17aa2b8fa0,5,ProductViewed,1591804632,No
2a33865f-f45b-475f-9e35-29c8de4dc42d,5,ProductViewed,1591804632,No
dd9e97a6-4281-40a5-9048-fde7809623fb,5,ProductViewed,1591804632,No
87603f27-7e5a-441e-95f6-ee33878695da,5,CartViewed,1591804633,No
4e3dc511-426f-4fdd-9e15-58a7c74c9ff4,3,ProductViewed,1591804668,No
8cab347e-fa92-46c5-8a0e-371229e1c539,3,ProductViewed,1591804668,No
e1669081-8ffc-4dec-97a6-e9176d7f6651,3,ProductViewed,1591804668,No
cfafd627-7d6b-43a5-be05-4c7937be417d,5,ProductViewed,1591804702,Yes
6e6ad102-7510-4a02-b8ce-5a0cd6f431d1,5,ProductViewed,1591804702,Yes
49b89871-5fe7-4898-b99d-953e15fb42b2,5,ProductViewed,1591804702,Yes
5cb18925-3a3c-4867-8f1c-46efd7eba067,1,ProductViewed,1591804739,No
91cc9fa1-d8e9-46ae-9c8d-86264de2c6cc,1,ProductViewed,1591804739,No
ee0cec46-8edf-4436-84f0-d83e7f9c453f,1,ProductAdded,1591804741,No
0d6971a2-cffb-4602-9d4a-8edef2ac9d22,1,ProductViewed,1591804741,No
7f9e25ec-34a9-4b27-9f97-041c58e6640e,2,ProductViewed,1591804762,No
eb8f10ab-1317-4a11-b058-b2098bb64326,2,ProductViewed,1591804762,No
b11944ce-c888-4ddb-8f64-f89a6d628288,2,ProductViewed,1591804762,No
a6432520-a9fe-42a3-8e04-58cd50d18fb0,3,ProductViewed,1591804799,No
8a4af646-ffb5-4413-a201-750537e2a318,3,ProductViewed,1591804799,No
95677239-43cc-44e4-a97f-4a9c072210ae,3,ProductViewed,1591804799,No
ab6462b7-2061-42ba-a19f-a1efc877d800,1,ProductViewed,1591804838,No
e1d2ec50-2970-43be-aeb7-fc90779086b7,1,ProductViewed,1591804838,No
1de0c711-042b-4b47-93d9-3a7d8d969ac6,1,ProductViewed,1591804838,No
b11944ce-c888-4ddb-8f64-f89a6d628288,4,ProductViewed,1591804863,Yes
a6432520-a9fe-42a3-8e04-58cd50d18fb0,4,ProductViewed,1591804863,Yes
8a4af646-ffb5-4413-a201-750537e2a318,4,ProductAdded,1591804865,Yes
95677239-43cc-44e4-a97f-4a9c072210ae,4,CartViewed,1591804866,Yes
ab6462b7-2061-42ba-a19f-a1efc877d800,4,CheckoutStarted,1591804868,Yes
e1d2ec50-2970-43be-aeb7-fc90779086b7,4,OrderCompleted,1591804871,Yes
1de0c711-042b-4b47-93d9-3a7d8d969ac6,4,ProductViewed,1591804871,Yes
e65ad5b5-6860-4444-b873-9368c49cf30c,2,ProductViewed,1591804895,Yes
25a3547f-4a86-46f5-857a-fc17aa2b8fa0,2,ProductViewed,1591804895,Yes
2a33865f-f45b-475f-9e35-29c8de4dc42d,2,ProductViewed,1591804895,Yes
dd9e97a6-4281-40a5-9048-fde7809623fb,3,ProductViewed,1591804935,Yes
87603f27-7e5a-441e-95f6-ee33878695da,3,ProductViewed,1591804935,Yes
4e3dc511-426f-4fdd-9e15-58a7c74c9ff4,3,ProductViewed,1591804935,Yes
8cab347e-fa92-46c5-8a0e-371229e1c539,4,ProductViewed,1591804967,No
e1669081-8ffc-4dec-97a6-e9176d7f6651,4,ProductViewed,1591804967,No
cfafd627-7d6b-43a5-be05-4c7937be417d,4,ProductViewed,1591804967,No
6e6ad102-7510-4a02-b8ce-5a0cd6f431d1,11,ProductViewed,1591804992,No
49b89871-5fe7-4898-b99d-953e15fb42b2,12,ProductViewed,1591804992,No
5cb18925-3a3c-4867-8f1c-46efd7eba067,13,ProductViewed,1591804992,No
91cc9fa1-d8e9-46ae-9c8d-86264de2c6cc,14,ProductAdded,1591804992,No
ee0cec46-8edf-4436-84f0-d83e7f9c453f,15,ProductViewed,1591805034,Yes
0d6971a2-cffb-4602-9d4a-8edef2ac9d22,16,ProductViewed,1591805034,Yes
7f9e25ec-34a9-4b27-9f97-041c58e6640e,17,ProductViewed,1591805034,Yes
eb8f10ab-1317-4a11-b058-b2098bb64326,18,ProductViewed,1591805063,No
b11944ce-c888-4ddb-8f64-f89a6d628288,19,ProductViewed,1591805063,No
a6432520-a9fe-42a3-8e04-58cd50d18fb0,20,ProductViewed,1591805063,No
8a4af646-ffb5-4413-a201-750537e2a318,21,ProductViewed,1591805091,Yes
95677239-43cc-44e4-a97f-4a9c072210ae,22,CartViewed,1591805092,Yes
ab6462b7-2061-42ba-a19f-a1efc877d800,23,ProductViewed,1591805092,Yes
e1d2ec50-2970-43be-aeb7-fc90779086b7,24,ProductViewed,1591805092,Yes
1de0c711-042b-4b47-93d9-3a7d8d969ac6,25,ProductViewed,1591805131,No
e65ad5b5-6860-4444-b873-9368c49cf30c,26,ProductViewed,1591805131,No
25a3547f-4a86-46f5-857a-fc17aa2b8fa0,27,ProductViewed,1591805131,No
2a33865f-f45b-475f-9e35-29c8de4dc42d,28,ProductAdded,1591805132,No
dd9e97a6-4281-40a5-9048-fde7809623fb,29,ProductViewed,1591805167,No
87603f27-7e5a-441e-95f6-ee33878695da,30,ProductViewed,1591805167,No
4e3dc511-426f-4fdd-9e15-58a7c74c9ff4,2,ProductViewed,1591805167,No
8cab347e-fa92-46c5-8a0e-371229e1c539,4,ProductViewed,1591805199,No
e1669081-8ffc-4dec-97a6-e9176d7f6651,4,ProductViewed,1591805199,No
cfafd627-7d6b-43a5-be05-4c7937be417d,4,ProductViewed,1591805199,No
6e6ad102-7510-4a02-b8ce-5a0cd6f431d1,3,ProductViewed,1591805224,No
49b89871-5fe7-4898-b99d-953e15fb42b2,3,ProductViewed,1591805224,No
5cb18925-3a3c-4867-8f1c-46efd7eba067,3,ProductViewed,1591805224,No
91cc9fa1-d8e9-46ae-9c8d-86264de2c6cc,1,ProductViewed,1591805260,Yes
ee0cec46-8edf-4436-84f0-d83e7f9c453f,1,ProductViewed,1591805260,Yes
b11944ce-c888-4ddb-8f64-f89a6d628288,1,ProductViewed,1591805260,Yes
a6432520-a9fe-42a3-8e04-58cd50d18fb0,2,ProductViewed,1591805289,Yes
8a4af646-ffb5-4413-a201-750537e2a318,2,ProductAdded,1591805293,Yes
95677239-43cc-44e4-a97f-4a9c072210ae,2,ProductViewed,1591805293,Yes
ab6462b7-2061-42ba-a19f-a1efc877d800,2,ProductViewed,1591805293,Yes
e1d2ec50-2970-43be-aeb7-fc90779086b7,2,CartViewed,1591805296,Yes
1de0c711-042b-4b47-93d9-3a7d8d969ac6,4,ProductViewed,1591805333,No
e65ad5b5-6860-4444-b873-9368c49cf30c,4,ProductViewed,1591805333,No
25a3547f-4a86-46f5-857a-fc17aa2b8fa0,4,ProductViewed,1591805333,No
